"Tag Number","Electronic ID","NLIS","Global ID","PIC","Date of Birth","Sex","Breed","Colour","Sire VID","Sire EID","Dam VID","Dam EID","Donor Dam VID","Donor Dam EID","Group","Overall ADG","Trait Name","Trait Value","Trait ADG","When Trait Recorded","Trait In Session","Trait Scanned In Session","Activity Name","When Activity Measured","Activity In Session","Activity Scanned In Session","Treatment Name","Treatment Dosage","Treatment Batch","Treatment Expiry","Treatment Treated","Treatment Value","When Treatment Measured","Treatment In Session","Treatment Scanned In Session","Note","When Note Measured","Note In Session","Note Scanned In Session","Animal Scanned In Sessions","When Animal Scanned In Session","Event Type","When Event Created","Event In Session","Event Notes","Event Gross Amount","Event Net Amount","Farm","Property","Area","PIC Date Updated","Date of Birth Date Updated","Sex Date Updated","Breed Date Updated","Colour Date Updated","Sire Date Updated","Dam Date Updated","Group Date Updated","Donor Dam Date Updated","Farm Date Updated","Property Date Updated","Area Date Updated","Full RFID","Full RFID Date Updated","GESTACION"
"1900","032 010006501900","","","","","","","","","","","","","","","--.--","","","","","","","","","","","","","","","","","","","","Nueva etiqu.:1900","2025/10/09 06:56:43","09 Oct 2025 - TACTO OTONO 25 PPD SANGRE","2025/10/09 06:56:43","09 Oct 2025 - TACTO OTONO 25 PPD SANGRE","2025/10/09 06:55:58","","","","","","","","","","","","","","","","1969/12/31 21:00:00","","","","","","","","CABEZA"
"1901","032 010006501901","","","","","","","","","","","","","","","--.--","","","","","","","","","","","","","","","","","","","","Nueva etiqu.:1901","2025/10/09 06:59:08","09 Oct 2025 - TACTO OTONO 25 PPD SANGRE","2025/10/09 06:59:08","09 Oct 2025 - TACTO OTONO 25 PPD SANGRE","2025/10/09 06:59:00","","","","","","","","","","","","","","","","1969/12/31 21:00:00","","","","","","","","VACIA"
"1902","032 010006501902","","","","","","","","","","","","","","","--.--","","","","","","","","","","","","","","","","","","","","Nueva etiqu.:1902","2025/10/09 07:00:45","09 Oct 2025 - TACTO OTONO 25 PPD SANGRE","2025/10/09 07:00:45","09 Oct 2025 - TACTO OTONO 25 PPD SANGRE","2025/10/09 07:00:38","","","","","","","","","","","","","","","","1969/12/31 21:00:00","","","","","","","","CABEZA"
"1903","032 010006501903","","","","","","","","","","","","","","","--.--","","","","","","","","","","","","","","","","","","","","Nueva etiqu.:1903","2025/10/09 07:02:00","09 Oct 2025 - TACTO OTONO 25 PPD SANGRE","2025/10/09 07:02:00","09 Oct 2025 - TACTO OTONO 25 PPD SANGRE","2025/10/09 07:01:55","","","","","","","","","","","","","","","","1969/12/31 21:00:00","","","","","","","","CABEZA"
"1904","032 010006501904","","","","","","","","","","","","","","","--.--","","","","","","","","","","","","","","","","","","","","Nueva etiqu.:1904","2025/10/09 07:03:39","09 Oct 2025 - TACTO OTONO 25 PPD SANGRE","2025/10/09 07:03:39","09 Oct 2025 - TACTO OTONO 25 PPD SANGRE","2025/10/09 07:03:36","","","","","","","","","","","","","","","","1969/12/31 21:00:00","","","","","","","","VACIA"
"1905","032 010006501905","","","","","","","","","","","","","","","--.--","","","","","","","","","","","","","","","","","","","","Nueva etiqu.:1905","2025/10/09 07:04:57","09 Oct 2025 - TACTO OTONO 25 PPD SANGRE","2025/10/09 07:04:57","09 Oct 2025 - TACTO OTONO 25 PPD SANGRE","2025/10/09 07:04:54","","","","","","","","","","","","","","","","1969/12/31 21:00:00","","","","","","","","VACIA"
"1906","032 010006501906","","","","","","","","","","","","","","","--.--","","","","","","","","","","","","","","","","","","","","Nueva etiqu.:1906","2025/10/09 07:06:35","09 Oct 2025 - TACTO OTONO 25 PPD SANGRE","2025/10/09 07:06:35","09 Oct 2025 - TACTO OTONO 25 PPD SANGRE","2025/10/09 07:06:29","","","","","","","","","","","","","","","","1969/12/31 21:00:00","","","","","","","","CABEZA"
"1907","032 010006501907","","","","","","","","","","","","","","","--.--","","","","","","","","","","","","","","","","","","","","Nueva etiqu.:1907","2025/10/09 07:08:24","09 Oct 2025 - TACTO OTONO 25 PPD SANGRE","2025/10/09 07:08:24","09 Oct 2025 - TACTO OTONO 25 PPD SANGRE","2025/10/09 07:08:17","","","","","","","","","","","","","","","","1969/12/31 21:00:00","","","","","","","","CABEZA"
"1908","032 010006501908","","","","","","","","","","","","","","","--.--","","","","","","","","","","","","","","","","","","","","Nueva etiqu.:1908","2025/10/09 07:11:04","09 Oct 2025 - TACTO OTONO 25 PPD SANGRE","2025/10/09 07:11:04","09 Oct 2025 - TACTO OTONO 25 PPD SANGRE","2025/10/09 07:11:01","","","","","","","","","","","","","","","","1969/12/31 21:00:00","","","","","","","","CABEZA"
"1909","032 010006501909","","","","","","","","","","","","","","","--.--","","","","","","","","","","","","","","","","","","","","Nueva etiqu.:1909","2025/10/09 07:11:21","09 Oct 2025 - TACTO OTONO 25 PPD SANGRE","2025/10/09 07:11:21","09 Oct 2025 - TACTO OTONO 25 PPD SANGRE","2025/10/09 07:11:17","","","","","","","","","","","","","","","","1969/12/31 21:00:00","","","","","","","","CABEZA"
"1910","032 010006501910","","","","","","","","","","","","","","","--.--","","","","","","","","","","","","","","","","","","","","Nueva etiqu.:1910","2025/10/09 07:12:50","09 Oct 2025 - TACTO OTONO 25 PPD SANGRE","2025/10/09 07:12:50","09 Oct 2025 - TACTO OTONO 25 PPD SANGRE","2025/10/09 07:12:46","","","","","","","","","","","","","","","","1969/12/31 21:00:00","","","","","","","","CABEZA"
"1911","032 010006501911","","","","","","","","","","","","","","","--.--","","","","","","","","","","","","","","","","","","","","Nueva etiqu.:1911","2025/10/09 07:14:20","09 Oct 2025 - TACTO OTONO 25 PPD SANGRE","2025/10/09 07:14:20","09 Oct 2025 - TACTO OTONO 25 PPD SANGRE","2025/10/09 07:14:15","","","","","","","","","","","","","","","","1969/12/31 21:00:00","","","","","","","","CABEZA"
"1912","032 010006501912","","","","","","","","","","","","","","","--.--","","","","","","","","","","","","","","","","","","","","Nueva etiqu.:1912","2025/10/09 07:16:15","09 Oct 2025 - TACTO OTONO 25 PPD SANGRE","2025/10/09 07:16:15","09 Oct 2025 - TACTO OTONO 25 PPD SANGRE","2025/10/09 07:15:59","","","","","","","","","","","","","","","","1969/12/31 21:00:00","","","","","","","","CABEZA"
"1913","032 010006501913","","","","","","","","","","","","","","","--.--","","","","","","","","","","","","","","","","","","","","Nueva etiqu.:1913","2025/10/09 07:17:04","09 Oct 2025 - TACTO OTONO 25 PPD SANGRE","2025/10/09 07:17:04","09 Oct 2025 - TACTO OTONO 25 PPD SANGRE","2025/10/09 07:16:24","","","","","","","","","","","","","","","","1969/12/31 21:00:00","","","","","","","","CABEZA"
"1914","032 010006501914","","","","","","","","","","","","","","","--.--","","","","","","","","","","","","","","","","","","","","Nueva etiqu.:1914","2025/10/09 07:18:20","09 Oct 2025 - TACTO OTONO 25 PPD SANGRE","2025/10/09 07:18:20","09 Oct 2025 - TACTO OTONO 25 PPD SANGRE","2025/10/09 07:18:17","","","","","","","","","","","","","","","","1969/12/31 21:00:00","","","","","","","","CABEZA"
"1915","032 010006501915","","","","","","","","","","","","","","","--.--","","","","","","","","","","","","","","","","","","","","Nueva etiqu.:1915","2025/10/09 07:19:31","09 Oct 2025 - TACTO OTONO 25 PPD SANGRE","2025/10/09 07:19:31","09 Oct 2025 - TACTO OTONO 25 PPD SANGRE","2025/10/09 07:19:29","","","","","","","","","","","","","","","","1969/12/31 21:00:00","","","","","","","","CABEZA"
"1916","032 010006501916","","","","","","","","","","","","","","","--.--","","","","","","","","","","","","","","","","","","","","Nueva etiqu.:1916","2025/10/09 07:21:58","09 Oct 2025 - TACTO OTONO 25 PPD SANGRE","2025/10/09 07:21:58","09 Oct 2025 - TACTO OTONO 25 PPD SANGRE","2025/10/09 07:21:15","","","","","","","","","","","","","","","","1969/12/31 21:00:00","","","","","","","","CABEZA"
"1917","032 010006501917","","","","","","","","","","","","","","","--.--","","","","","","","","","","","","","","","","","","","","Nueva etiqu.:1917","2025/10/09 07:22:48","09 Oct 2025 - TACTO OTONO 25 PPD SANGRE","2025/10/09 07:22:48","09 Oct 2025 - TACTO OTONO 25 PPD SANGRE","2025/10/09 07:22:12","","","","","","","","","","","","","","","","1969/12/31 21:00:00","","","","","","","","VACIA"
"1918","032 010006501918","","","","","","","","","","","","","","","--.--","","","","","","","","","","","","","","","","","","","","Nueva etiqu.:1918","2025/10/09 07:23:54","09 Oct 2025 - TACTO OTONO 25 PPD SANGRE","2025/10/09 07:23:54","09 Oct 2025 - TACTO OTONO 25 PPD SANGRE","2025/10/09 07:23:51","","","","","","","","","","","","","","","","1969/12/31 21:00:00","","","","","","","","CABEZA"
"1919","032 010006501919","","","","","","","","","","","","","","","--.--","","","","","","","","","","","","","","","","","","","","Nueva etiqu.:1919","2025/10/09 07:27:19","09 Oct 2025 - TACTO OTONO 25 PPD SANGRE","2025/10/09 07:27:19","09 Oct 2025 - TACTO OTONO 25 PPD SANGRE","2025/10/09 07:27:15","","","","","","","","","","","","","","","","1969/12/31 21:00:00","","","","","","","","CABEZA"
"1920","032 010006501920","","","","","","","","","","","","","","","--.--","","","","","","","","","","","","","","","","","","","","Nueva etiqu.:1920","2025/10/09 07:28:13","09 Oct 2025 - TACTO OTONO 25 PPD SANGRE","2025/10/09 07:28:13","09 Oct 2025 - TACTO OTONO 25 PPD SANGRE","2025/10/09 07:28:10","","","","","","","","","","","","","","","","1969/12/31 21:00:00","","","","","","","","CABEZA"
"1921","032 010006501921","","","","","","","","","","","","","","","--.--","","","","","","","","","","","","","","","","","","","","Nueva etiqu.:1921","2025/10/09 07:29:58","09 Oct 2025 - TACTO OTONO 25 PPD SANGRE","2025/10/09 07:29:58","09 Oct 2025 - TACTO OTONO 25 PPD SANGRE","2025/10/09 07:29:54","","","","","","","","","","","","","","","","1969/12/31 21:00:00","","","","","","","","CABEZA"
"1922","032 010006501922","","","","","","","","","","","","","","","--.--","","","","","","","","","","","","","","","","","","","","Nueva etiqu.:1922","2025/10/09 07:31:12","09 Oct 2025 - TACTO OTONO 25 PPD SANGRE","2025/10/09 07:31:12","09 Oct 2025 - TACTO OTONO 25 PPD SANGRE","2025/10/09 07:31:09","","","","","","","","","","","","","","","","1969/12/31 21:00:00","","","","","","","","VACIA"
"1923","032 010006501923","","","","","","","","","","","","","","","--.--","","","","","","","","","","","","","","","","","","","","Nueva etiqu.:1923","2025/10/09 07:32:07","09 Oct 2025 - TACTO OTONO 25 PPD SANGRE","2025/10/09 07:32:07","09 Oct 2025 - TACTO OTONO 25 PPD SANGRE","2025/10/09 07:32:02","","","","","","","","","","","","","","","","1969/12/31 21:00:00","","","","","","","","CABEZA"
"1924","032 010006501924","","","","","","","","","","","","","","","--.--","","","","","","","","","","","","","","","","","","","","Nueva etiqu.:1924","2025/10/09 07:33:39","09 Oct 2025 - TACTO OTONO 25 PPD SANGRE","2025/10/09 07:33:39","09 Oct 2025 - TACTO OTONO 25 PPD SANGRE","2025/10/09 07:33:36","","","","","","","","","","","","","","","","1969/12/31 21:00:00","","","","","","","","VACIA"
"1925","032 010006501925","","","","","","","","","","","","","","","--.--","","","","","","","","","","","","","","","","","","","","Nueva etiqu.:1925","2025/10/09 07:35:07","09 Oct 2025 - TACTO OTONO 25 PPD SANGRE","2025/10/09 07:35:07","09 Oct 2025 - TACTO OTONO 25 PPD SANGRE","2025/10/09 07:35:03","","","","","","","","","","","","","","","","1969/12/31 21:00:00","","","","","","","","CABEZA"
"1926","032 010006501926","","","","","","","","","","","","","","","--.--","","","","","","","","","","","","","","","","","","","","Nueva etiqu.:1926","2025/10/09 07:36:44","09 Oct 2025 - TACTO OTONO 25 PPD SANGRE","2025/10/09 07:36:44","09 Oct 2025 - TACTO OTONO 25 PPD SANGRE","2025/10/09 07:36:40","","","","","","","","","","","","","","","","1969/12/31 21:00:00","","","","","","","","CABEZA"
"1927","032 010006501927","","","","","","","","","","","","","","","--.--","","","","","","","","","","","","","","","","","","","","Nueva etiqu.:1927","2025/10/09 07:41:02","09 Oct 2025 - TACTO OTONO 25 PPD SANGRE","2025/10/09 07:41:02","09 Oct 2025 - TACTO OTONO 25 PPD SANGRE","2025/10/09 07:40:59","","","","","","","","","","","","","","","","1969/12/31 21:00:00","","","","","","","","CABEZA"
"1928","032 010006501928","","","","","","","","","","","","","","","--.--","","","","","","","","","","","","","","","","","","","","Nueva etiqu.:1928","2025/10/09 07:41:49","09 Oct 2025 - TACTO OTONO 25 PPD SANGRE","2025/10/09 07:41:49","09 Oct 2025 - TACTO OTONO 25 PPD SANGRE","2025/10/09 07:41:46","","","","","","","","","","","","","","","","1969/12/31 21:00:00","","","","","","","","CABEZA"
"1929","032 010006501929","","","","","","","","","","","","","","","--.--","","","","","","","","","","","","","","","","","","","","Nueva etiqu.:1929","2025/10/09 07:43:31","09 Oct 2025 - TACTO OTONO 25 PPD SANGRE","2025/10/09 07:43:31","09 Oct 2025 - TACTO OTONO 25 PPD SANGRE","2025/10/09 07:42:36","","","","","","","","","","","","","","","","1969/12/31 21:00:00","","","","","","","","VACIA"
"1930","032 010006501930","","","","","","","","","","","","","","","--.--","","","","","","","","","","","","","","","","","","","","Nueva etiqu.:1930","2025/10/09 07:44:58","09 Oct 2025 - TACTO OTONO 25 PPD SANGRE","2025/10/09 07:44:58","09 Oct 2025 - TACTO OTONO 25 PPD SANGRE","2025/10/09 07:44:54","","","","","","","","","","","","","","","","1969/12/31 21:00:00","","","","","","","","CABEZA"
"1931","032 010006501931","","","","","","","","","","","","","","","--.--","","","","","","","","","","","","","","","","","","","","Nueva etiqu.:1931","2025/10/09 07:46:44","09 Oct 2025 - TACTO OTONO 25 PPD SANGRE","2025/10/09 07:46:44","09 Oct 2025 - TACTO OTONO 25 PPD SANGRE","2025/10/09 07:46:14","","","","","","","","","","","","","","","","1969/12/31 21:00:00","","","","","","","","CABEZA"
"1932","032 010006501932","","","","","","","","","","","","","","","--.--","","","","","","","","","","","","","","","","","","","","Nueva etiqu.:1932","2025/10/09 07:48:23","09 Oct 2025 - TACTO OTONO 25 PPD SANGRE","2025/10/09 07:48:23","09 Oct 2025 - TACTO OTONO 25 PPD SANGRE","2025/10/09 07:48:19","","","","","","","","","","","","","","","","1969/12/31 21:00:00","","","","","","","","VACIA"
"1933","032 010006501933","","","","","","","","","","","","","","","--.--","","","","","","","","","","","","","","","","","","","","Nueva etiqu.:1933","2025/10/09 07:49:31","09 Oct 2025 - TACTO OTONO 25 PPD SANGRE","2025/10/09 07:49:31","09 Oct 2025 - TACTO OTONO 25 PPD SANGRE","2025/10/09 07:49:26","","","","","","","","","","","","","","","","1969/12/31 21:00:00","","","","","","","","CABEZA"
"1934","032 010006501934","","","","","","","","","","","","","","","--.--","","","","","","","","","","","","","","","","","","","","Nueva etiqu.:1934","2025/10/09 07:51:46","09 Oct 2025 - TACTO OTONO 25 PPD SANGRE","2025/10/09 07:51:46","09 Oct 2025 - TACTO OTONO 25 PPD SANGRE","2025/10/09 07:51:43","","","","","","","","","","","","","","","","1969/12/31 21:00:00","","","","","","","","CABEZA"
"1935","032 010006501935","","","","","","","","","","","","","","","--.--","","","","","","","","","","","","","","","","","","","","Nueva etiqu.:1935","2025/10/09 07:52:54","09 Oct 2025 - TACTO OTONO 25 PPD SANGRE","2025/10/09 07:52:54","09 Oct 2025 - TACTO OTONO 25 PPD SANGRE","2025/10/09 07:52:50","","","","","","","","","","","","","","","","1969/12/31 21:00:00","","","","","","","","CABEZA"
"1936","032 010006501936","","","","","","","","","","","","","","","--.--","","","","","","","","","","","","","","","","","","","","Nueva etiqu.:1936","2025/10/09 07:54:10","09 Oct 2025 - TACTO OTONO 25 PPD SANGRE","2025/10/09 07:54:10","09 Oct 2025 - TACTO OTONO 25 PPD SANGRE","2025/10/09 07:54:07","","","","","","","","","","","","","","","","1969/12/31 21:00:00","","","","","","","","CABEZA"
"1937","032 010006501937","","","","","","","","","","","","","","","--.--","","","","","","","","","","","","","","","","","","","","Nueva etiqu.:1937","2025/10/09 07:54:58","09 Oct 2025 - TACTO OTONO 25 PPD SANGRE","2025/10/09 07:54:58","09 Oct 2025 - TACTO OTONO 25 PPD SANGRE","2025/10/09 07:54:55","","","","","","","","","","","","","","","","1969/12/31 21:00:00","","","","","","","","VACIA"
"1938","032 010006501938","","","","","","","","","","","","","","","--.--","","","","","","","","","","","","","","","","","","","","Nueva etiqu.:1938","2025/10/09 07:55:51","09 Oct 2025 - TACTO OTONO 25 PPD SANGRE","2025/10/09 07:55:51","09 Oct 2025 - TACTO OTONO 25 PPD SANGRE","2025/10/09 07:55:44","","","","","","","","","","","","","","","","1969/12/31 21:00:00","","","","","","","","CABEZA"
"1939","032 010006501939","","","","","","","","","","","","","","","--.--","","","","","","","","","","","","","","","","","","","","Nueva etiqu.:1939","2025/10/09 07:56:54","09 Oct 2025 - TACTO OTONO 25 PPD SANGRE","2025/10/09 07:56:54","09 Oct 2025 - TACTO OTONO 25 PPD SANGRE","2025/10/09 07:56:50","","","","","","","","","","","","","","","","1969/12/31 21:00:00","","","","","","","","VACIA"
"1940","032 010006501940","","","","","","","","","","","","","","","--.--","","","","","","","","","","","","","","","","","","","","Nueva etiqu.:1940","2025/10/09 07:57:56","09 Oct 2025 - TACTO OTONO 25 PPD SANGRE","2025/10/09 07:57:56","09 Oct 2025 - TACTO OTONO 25 PPD SANGRE","2025/10/09 07:57:54","","","","","","","","","","","","","","","","1969/12/31 21:00:00","","","","","","","","CABEZA"
"1941","032 010006501941","","","","","","","","","","","","","","","--.--","","","","","","","","","","","","","","","","","","","","Nueva etiqu.:1941","2025/10/09 07:58:51","09 Oct 2025 - TACTO OTONO 25 PPD SANGRE","2025/10/09 07:58:51","09 Oct 2025 - TACTO OTONO 25 PPD SANGRE","2025/10/09 07:58:49","","","","","","","","","","","","","","","","1969/12/31 21:00:00","","","","","","","","CABEZA"
"1942","032 010006501942","","","","","","","","","","","","","","","--.--","","","","","","","","","","","","","","","","","","","","Nueva etiqu.:1942","2025/10/09 08:00:00","09 Oct 2025 - TACTO OTONO 25 PPD SANGRE","2025/10/09 08:00:00","09 Oct 2025 - TACTO OTONO 25 PPD SANGRE","2025/10/09 07:59:11","","","","","","","","","","","","","","","","1969/12/31 21:00:00","","","","","","","","CABEZA"
"1943","032 010006501943","","","","","","","","","","","","","","","--.--","","","","","","","","","","","","","","","","","","","","Nueva etiqu.:1943","2025/10/09 08:00:38","09 Oct 2025 - TACTO OTONO 25 PPD SANGRE","2025/10/09 08:00:38","09 Oct 2025 - TACTO OTONO 25 PPD SANGRE","2025/10/09 08:00:35","","","","","","","","","","","","","","","","1969/12/31 21:00:00","","","","","","","","VACIA"
"1944","032 010006501944","","","","","","","","","","","","","","","--.--","","","","","","","","","","","","","","","","","","","","Nueva etiqu.:1944","2025/10/09 08:02:25","09 Oct 2025 - TACTO OTONO 25 PPD SANGRE","2025/10/09 08:02:25","09 Oct 2025 - TACTO OTONO 25 PPD SANGRE","2025/10/09 08:02:22","","","","","","","","","","","","","","","","1969/12/31 21:00:00","","","","","","","","CABEZA"
"1945","032 010006501945","","","","","","","","","","","","","","","--.--","","","","","","","","","","","","","","","","","","","","Nueva etiqu.:1945","2025/10/09 08:06:23","09 Oct 2025 - TACTO OTONO 25 PPD SANGRE","2025/10/09 08:06:23","09 Oct 2025 - TACTO OTONO 25 PPD SANGRE","2025/10/09 08:06:20","","","","","","","","","","","","","","","","1969/12/31 21:00:00","","","","","","","","VACIA"
"1946","032 010006501946","","","","","","","","","","","","","","","--.--","","","","","","","","","","","","","","","","","","","","Nueva etiqu.:1946","2025/10/09 08:08:04","09 Oct 2025 - TACTO OTONO 25 PPD SANGRE","2025/10/09 08:08:04","09 Oct 2025 - TACTO OTONO 25 PPD SANGRE","2025/10/09 08:07:59","","","","","","","","","","","","","","","","1969/12/31 21:00:00","","","","","","","","CABEZA"
"1947","032 010006501947","","","","","","","","","","","","","","","--.--","","","","","","","","","","","","","","","","","","","","Nueva etiqu.:1947","2025/10/09 08:10:54","09 Oct 2025 - TACTO OTONO 25 PPD SANGRE","2025/10/09 08:10:54","09 Oct 2025 - TACTO OTONO 25 PPD SANGRE","2025/10/09 08:10:51","","","","","","","","","","","","","","","","1969/12/31 21:00:00","","","","","","","","VACIA"
"1948","032 010006501948","","","","","","","","","","","","","","","--.--","","","","","","","","","","","","","","","","","","","","Nueva etiqu.:1948","2025/10/09 08:11:45","09 Oct 2025 - TACTO OTONO 25 PPD SANGRE","2025/10/09 08:11:45","09 Oct 2025 - TACTO OTONO 25 PPD SANGRE","2025/10/09 08:11:42","","","","","","","","","","","","","","","","1969/12/31 21:00:00","","","","","","","","CABEZA"
"1949","032 010006501949","","","","","","","","","","","","","","","--.--","","","","","","","","","","","","","","","","","","","","Nueva etiqu.:1949","2025/10/09 08:13:18","09 Oct 2025 - TACTO OTONO 25 PPD SANGRE","2025/10/09 08:13:18","09 Oct 2025 - TACTO OTONO 25 PPD SANGRE","2025/10/09 08:12:30","","","","","","","","","","","","","","","","1969/12/31 21:00:00","","","","","","","","VACIA"
"1950","032 010006501950","","","","","","","","","","","","","","","--.--","","","","","","","","","","","","","","","","","","","","Nueva etiqu.:1950","2025/10/09 08:15:23","09 Oct 2025 - TACTO OTONO 25 PPD SANGRE","2025/10/09 08:15:23","09 Oct 2025 - TACTO OTONO 25 PPD SANGRE","2025/10/09 08:15:20","","","","","","","","","","","","","","","","1969/12/31 21:00:00","","","","","","","","VACIA"
"1951","032 010006501951","","","","","","","","","","","","","","","--.--","","","","","","","","","","","","","","","","","","","","Nueva etiqu.:1951","2025/10/09 08:16:17","09 Oct 2025 - TACTO OTONO 25 PPD SANGRE","2025/10/09 08:16:17","09 Oct 2025 - TACTO OTONO 25 PPD SANGRE","2025/10/09 08:16:14","","","","","","","","","","","","","","","","1969/12/31 21:00:00","","","","","","","","CABEZA"
"1952","032 010006501952","","","","","","","","","","","","","","","--.--","","","","","","","","","","","","","","","","","","","","Nueva etiqu.:1952","2025/10/09 08:17:07","09 Oct 2025 - TACTO OTONO 25 PPD SANGRE","2025/10/09 08:17:07","09 Oct 2025 - TACTO OTONO 25 PPD SANGRE","2025/10/09 08:17:04","","","","","","","","","","","","","","","","1969/12/31 21:00:00","","","","","","","","VACIA"
"1953","032 010006501953","","","","","","","","","","","","","","","--.--","","","","","","","","","","","","","","","","","","","","Nueva etiqu.:1953","2025/10/09 08:18:08","09 Oct 2025 - TACTO OTONO 25 PPD SANGRE","2025/10/09 08:18:08","09 Oct 2025 - TACTO OTONO 25 PPD SANGRE","2025/10/09 08:18:05","","","","","","","","","","","","","","","","1969/12/31 21:00:00","","","","","","","","VACIA"
"1954","032 010006501954","","","","","","","","","","","","","","","--.--","","","","","","","","","","","","","","","","","","","","Nueva etiqu.:1954","2025/10/09 08:19:21","09 Oct 2025 - TACTO OTONO 25 PPD SANGRE","2025/10/09 08:19:21","09 Oct 2025 - TACTO OTONO 25 PPD SANGRE","2025/10/09 08:19:18","","","","","","","","","","","","","","","","1969/12/31 21:00:00","","","","","","","","CABEZA"
"1955","032 010006501955","","","","","","","","","","","","","","","--.--","","","","","","","","","","","","","","","","","","","","Nueva etiqu.:1955","2025/10/09 08:20:44","09 Oct 2025 - TACTO OTONO 25 PPD SANGRE","2025/10/09 08:20:44","09 Oct 2025 - TACTO OTONO 25 PPD SANGRE","2025/10/09 08:20:09","","","","","","","","","","","","","","","","1969/12/31 21:00:00","","","","","","","","CABEZA"
"1956","032 010006501956","","","","","","","","","","","","","","","--.--","","","","","","","","","","","","","","","","","","","","Nueva etiqu.:1956","2025/10/09 08:22:37","09 Oct 2025 - TACTO OTONO 25 PPD SANGRE","2025/10/09 08:22:37","09 Oct 2025 - TACTO OTONO 25 PPD SANGRE","2025/10/09 08:22:35","","","","","","","","","","","","","","","","1969/12/31 21:00:00","","","","","","","","CABEZA"
"1957","032 010006501957","","","","","","","","","","","","","","","--.--","","","","","","","","","","","","","","","","","","","","Nueva etiqu.:1957","2025/10/09 08:23:22","09 Oct 2025 - TACTO OTONO 25 PPD SANGRE","2025/10/09 08:23:22","09 Oct 2025 - TACTO OTONO 25 PPD SANGRE","2025/10/09 08:23:19","","","","","","","","","","","","","","","","1969/12/31 21:00:00","","","","","","","","CABEZA"
"1958","032 010006501958","","","","","","","","","","","","","","","--.--","","","","","","","","","","","","","","","","","","","","Nueva etiqu.:1958","2025/10/09 08:24:26","09 Oct 2025 - TACTO OTONO 25 PPD SANGRE","2025/10/09 08:24:26","09 Oct 2025 - TACTO OTONO 25 PPD SANGRE","2025/10/09 08:24:24","","","","","","","","","","","","","","","","1969/12/31 21:00:00","","","","","","","","VACIA"
"1959","032 010006501959","","","","","","","","","","","","","","","--.--","","","","","","","","","","","","","","","","","","","","Nueva etiqu.:1959","2025/10/09 08:26:25","09 Oct 2025 - TACTO OTONO 25 PPD SANGRE","2025/10/09 08:26:25","09 Oct 2025 - TACTO OTONO 25 PPD SANGRE","2025/10/09 08:26:23","","","","","","","","","","","","","","","","1969/12/31 21:00:00","","","","","","","","CABEZA"
"1960","032 010006501960","","","","","","","","","","","","","","","--.--","","","","","","","","","","","","","","","","","","","","Nueva etiqu.:1960","2025/10/09 08:28:07","09 Oct 2025 - TACTO OTONO 25 PPD SANGRE","2025/10/09 08:28:07","09 Oct 2025 - TACTO OTONO 25 PPD SANGRE","2025/10/09 08:28:05","","","","","","","","","","","","","","","","1969/12/31 21:00:00","","","","","","","","CABEZA"
"1961","032 010006501961","","","","","","","","","","","","","","","--.--","","","","","","","","","","","","","","","","","","","","Nueva etiqu.:1961","2025/10/09 08:29:17","09 Oct 2025 - TACTO OTONO 25 PPD SANGRE","2025/10/09 08:29:17","09 Oct 2025 - TACTO OTONO 25 PPD SANGRE","2025/10/09 08:29:14","","","","","","","","","","","","","","","","1969/12/31 21:00:00","","","","","","","","CABEZA"
"1962","032 010006501962","","","","","","","","","","","","","","","--.--","","","","","","","","","","","","","","","","","","","","Nueva etiqu.:1962","2025/10/09 08:33:02","09 Oct 2025 - TACTO OTONO 25 PPD SANGRE","2025/10/09 08:33:02","09 Oct 2025 - TACTO OTONO 25 PPD SANGRE","2025/10/09 08:32:59","","","","","","","","","","","","","","","","1969/12/31 21:00:00","","","","","","","","CABEZA"
"1963","032 010006501963","","","","","","","","","","","","","","","--.--","","","","","","","","","","","","","","","","","","","","Nueva etiqu.:1963","2025/10/09 08:34:39","09 Oct 2025 - TACTO OTONO 25 PPD SANGRE","2025/10/09 08:34:39","09 Oct 2025 - TACTO OTONO 25 PPD SANGRE","2025/10/09 08:34:36","","","","","","","","","","","","","","","","1969/12/31 21:00:00","","","","","","","","CABEZA"
"1964","032 010006501964","","","","","","","","","","","","","","","--.--","","","","","","","","","","","","","","","","","","","","Nueva etiqu.:1964","2025/10/09 08:35:26","09 Oct 2025 - TACTO OTONO 25 PPD SANGRE","2025/10/09 08:35:26","09 Oct 2025 - TACTO OTONO 25 PPD SANGRE","2025/10/09 08:35:21","","","","","","","","","","","","","","","","1969/12/31 21:00:00","","","","","","","","CABEZA"
"1965","032 010006501965","","","","","","","","","","","","","","","--.--","","","","","","","","","","","","","","","","","","","","Nueva etiqu.:1965","2025/10/09 08:36:20","09 Oct 2025 - TACTO OTONO 25 PPD SANGRE","2025/10/09 08:36:20","09 Oct 2025 - TACTO OTONO 25 PPD SANGRE","2025/10/09 08:36:18","","","","","","","","","","","","","","","","1969/12/31 21:00:00","","","","","","","","VACIA"
"1966","032 010006501966","","","","","","","","","","","","","","","--.--","","","","","","","","","","","","","","","","","","","","Nueva etiqu.:1966","2025/10/09 08:37:40","09 Oct 2025 - TACTO OTONO 25 PPD SANGRE","2025/10/09 08:37:40","09 Oct 2025 - TACTO OTONO 25 PPD SANGRE","2025/10/09 08:37:37","","","","","","","","","","","","","","","","1969/12/31 21:00:00","","","","","","","","CABEZA"
"1967","032 010006501967","","","","","","","","","","","","","","","--.--","","","","","","","","","","","","","","","","","","","","Nueva etiqu.:1967","2025/10/09 08:38:47","09 Oct 2025 - TACTO OTONO 25 PPD SANGRE","2025/10/09 08:38:47","09 Oct 2025 - TACTO OTONO 25 PPD SANGRE","2025/10/09 08:38:44","","","","","","","","","","","","","","","","1969/12/31 21:00:00","","","","","","","","CABEZA"
"1968","032 010006501968","","","","","","","","","","","","","","","--.--","","","","","","","","","","","","","","","","","","","","Nueva etiqu.:1968","2025/10/09 08:40:27","09 Oct 2025 - TACTO OTONO 25 PPD SANGRE","2025/10/09 08:40:27","09 Oct 2025 - TACTO OTONO 25 PPD SANGRE","2025/10/09 08:40:12","","","","","","","","","","","","","","","","1969/12/31 21:00:00","","","","","","","","CABEZA"
"1969","032 010006501969","","","","","","","","","","","","","","","--.--","","","","","","","","","","","","","","","","","","","","Nueva etiqu.:1969","2025/10/09 08:41:16","09 Oct 2025 - TACTO OTONO 25 PPD SANGRE","2025/10/09 08:41:16","09 Oct 2025 - TACTO OTONO 25 PPD SANGRE","2025/10/09 08:41:14","","","","","","","","","","","","","","","","1969/12/31 21:00:00","","","","","","","","CABEZA"
"1970","032 010006501970","","","","","","","","","","","","","","","--.--","","","","","","","","","","","","","","","","","","","","Nueva etiqu.:1970","2025/10/09 08:42:09","09 Oct 2025 - TACTO OTONO 25 PPD SANGRE","2025/10/09 08:42:09","09 Oct 2025 - TACTO OTONO 25 PPD SANGRE","2025/10/09 08:42:06","","","","","","","","","","","","","","","","1969/12/31 21:00:00","","","","","","","","CABEZA"
"1971","032 010006501971","","","","","","","","","","","","","","","--.--","","","","","","","","","","","","","","","","","","","","Nueva etiqu.:1971","2025/10/09 08:43:05","09 Oct 2025 - TACTO OTONO 25 PPD SANGRE","2025/10/09 08:43:05","09 Oct 2025 - TACTO OTONO 25 PPD SANGRE","2025/10/09 08:43:02","","","","","","","","","","","","","","","","1969/12/31 21:00:00","","","","","","","","CABEZA"
"1972","032 010006501972","","","","","","","","","","","","","","","--.--","","","","","","","","","","","","","","","","","","","","Nueva etiqu.:1972","2025/10/09 08:43:53","09 Oct 2025 - TACTO OTONO 25 PPD SANGRE","2025/10/09 08:43:53","09 Oct 2025 - TACTO OTONO 25 PPD SANGRE","2025/10/09 08:43:51","","","","","","","","","","","","","","","","1969/12/31 21:00:00","","","","","","","","VACIA"
"1973","032 010006501973","","","","","","","","","","","","","","","--.--","","","","","","","","","","","","","","","","","","","","Nueva etiqu.:1973","2025/10/09 08:47:25","09 Oct 2025 - TACTO OTONO 25 PPD SANGRE","2025/10/09 08:47:25","09 Oct 2025 - TACTO OTONO 25 PPD SANGRE","2025/10/09 08:47:22","","","","","","","","","","","","","","","","1969/12/31 21:00:00","","","","","","","","CABEZA"
"1974","032 010006501974","","","","","","","","","","","","","","","--.--","","","","","","","","","","","","","","","","","","","","Nueva etiqu.:1974","2025/10/09 08:48:42","09 Oct 2025 - TACTO OTONO 25 PPD SANGRE","2025/10/09 08:48:42","09 Oct 2025 - TACTO OTONO 25 PPD SANGRE","2025/10/09 08:48:39","","","","","","","","","","","","","","","","1969/12/31 21:00:00","","","","","","","","VACIA"
"1975","032 010006501975","","","","","","","","","","","","","","","--.--","","","","","","","","","","","","","","","","","","","","Nueva etiqu.:1975","2025/10/09 08:51:25","09 Oct 2025 - TACTO OTONO 25 PPD SANGRE","2025/10/09 08:51:25","09 Oct 2025 - TACTO OTONO 25 PPD SANGRE","2025/10/09 08:51:20","","","","","","","","","","","","","","","","1969/12/31 21:00:00","","","","","","","","CABEZA"
"1976","032 010006501976","","","","","","","","","","","","","","","--.--","","","","","","","","","","","","","","","","","","","","Nueva etiqu.:1976","2025/10/09 08:52:08","09 Oct 2025 - TACTO OTONO 25 PPD SANGRE","2025/10/09 08:52:08","09 Oct 2025 - TACTO OTONO 25 PPD SANGRE","2025/10/09 08:52:05","","","","","","","","","","","","","","","","1969/12/31 21:00:00","","","","","","","","VACIA"
"1977","032 010006501977","","","","","","","","","","","","","","","--.--","","","","","","","","","","","","","","","","","","","","Nueva etiqu.:1977","2025/10/09 08:53:01","09 Oct 2025 - TACTO OTONO 25 PPD SANGRE","2025/10/09 08:53:01","09 Oct 2025 - TACTO OTONO 25 PPD SANGRE","2025/10/09 08:52:57","","","","","","","","","","","","","","","","1969/12/31 21:00:00","","","","","","","","VACIA"
"1978","032 010006501978","","","","","","","","","","","","","","","--.--","","","","","","","","","","","","","","","","","","","","Nueva etiqu.:1978","2025/10/09 08:53:53","09 Oct 2025 - TACTO OTONO 25 PPD SANGRE","2025/10/09 08:53:53","09 Oct 2025 - TACTO OTONO 25 PPD SANGRE","2025/10/09 08:53:50","","","","","","","","","","","","","","","","1969/12/31 21:00:00","","","","","","","","VACIA"
"1979","032 010006501979","","","","","","","","","","","","","","","--.--","","","","","","","","","","","","","","","","","","","","Nueva etiqu.:1979","2025/10/09 08:55:50","09 Oct 2025 - TACTO OTONO 25 PPD SANGRE","2025/10/09 08:55:50","09 Oct 2025 - TACTO OTONO 25 PPD SANGRE","2025/10/09 08:55:06","","","","","","","","","","","","","","","","1969/12/31 21:00:00","","","","","","","","VACIA"
"1980","032 010006501980","","","","","","","","","","","","","","","--.--","","","","","","","","","","","","","","","","","","","","Nueva etiqu.:1980","2025/10/09 08:56:30","09 Oct 2025 - TACTO OTONO 25 PPD SANGRE","2025/10/09 08:56:30","09 Oct 2025 - TACTO OTONO 25 PPD SANGRE","2025/10/09 08:56:27","","","","","","","","","","","","","","","","1969/12/31 21:00:00","","","","","","","","CABEZA"
"1981","032 010006501981","","","","","","","","","","","","","","","--.--","","","","","","","","","","","","","","","","","","","","Nueva etiqu.:1981","2025/10/09 08:57:27","09 Oct 2025 - TACTO OTONO 25 PPD SANGRE","2025/10/09 08:57:27","09 Oct 2025 - TACTO OTONO 25 PPD SANGRE","2025/10/09 08:57:24","","","","","","","","","","","","","","","","1969/12/31 21:00:00","","","","","","","","CABEZA"
"1982","032 010006501982","","","","","","","","","","","","","","","--.--","","","","","","","","","","","","","","","","","","","","Nueva etiqu.:1982","2025/10/09 08:58:14","09 Oct 2025 - TACTO OTONO 25 PPD SANGRE","2025/10/09 08:58:14","09 Oct 2025 - TACTO OTONO 25 PPD SANGRE","2025/10/09 08:58:11","","","","","","","","","","","","","","","","1969/12/31 21:00:00","","","","","","","","CABEZA"
"1983","032 010006501983","","","","","","","","","","","","","","","--.--","","","","","","","","","","","","","","","","","","","","Nueva etiqu.:1983","2025/10/09 08:59:05","09 Oct 2025 - TACTO OTONO 25 PPD SANGRE","2025/10/09 08:59:05","09 Oct 2025 - TACTO OTONO 25 PPD SANGRE","2025/10/09 08:59:02","","","","","","","","","","","","","","","","1969/12/31 21:00:00","","","","","","","","CABEZA"
"1984","032 010006501984","","","","","","","","","","","","","","","--.--","","","","","","","","","","","","","","","","","","","","Nueva etiqu.:1984","2025/10/09 08:59:56","09 Oct 2025 - TACTO OTONO 25 PPD SANGRE","2025/10/09 08:59:56","09 Oct 2025 - TACTO OTONO 25 PPD SANGRE","2025/10/09 08:59:53","","","","","","","","","","","","","","","","1969/12/31 21:00:00","","","","","","","","CABEZA"
"1985","032 010006501985","","","","","","","","","","","","","","","--.--","","","","","","","","","","","","","","","","","","","","Nueva etiqu.:1985","2025/10/09 09:01:00","09 Oct 2025 - TACTO OTONO 25 PPD SANGRE","2025/10/09 09:01:00","09 Oct 2025 - TACTO OTONO 25 PPD SANGRE","2025/10/09 09:00:54","","","","","","","","","","","","","","","","1969/12/31 21:00:00","","","","","","","","VACIA"
"1986","032 010006501986","","","","","","","","","","","","","","","--.--","","","","","","","","","","","","","","","","","","","","Nueva etiqu.:1986","2025/10/09 09:02:27","09 Oct 2025 - TACTO OTONO 25 PPD SANGRE","2025/10/09 09:02:27","09 Oct 2025 - TACTO OTONO 25 PPD SANGRE","2025/10/09 09:02:23","","","","","","","","","","","","","","","","1969/12/31 21:00:00","","","","","","","","CABEZA"
"1987","032 010006501987","","","","","","","","","","","","","","","--.--","","","","","","","","","","","","","","","","","","","","Nueva etiqu.:1987","2025/10/09 09:03:38","09 Oct 2025 - TACTO OTONO 25 PPD SANGRE","2025/10/09 09:03:38","09 Oct 2025 - TACTO OTONO 25 PPD SANGRE","2025/10/09 09:03:34","","","","","","","","","","","","","","","","1969/12/31 21:00:00","","","","","","","","CABEZA"
"1988","032 010006501988","","","","","","","","","","","","","","","--.--","","","","","","","","","","","","","","","","","","","","Nueva etiqu.:1988","2025/10/09 09:05:55","09 Oct 2025 - TACTO OTONO 25 PPD SANGRE","2025/10/09 09:05:55","09 Oct 2025 - TACTO OTONO 25 PPD SANGRE","2025/10/09 09:05:52","","","","","","","","","","","","","","","","1969/12/31 21:00:00","","","","","","","","CABEZA"
"1989","032 010006501989","","","","","","","","","","","","","","","--.--","","","","","","","","","","","","","","","","","","","","Nueva etiqu.:1989","2025/10/09 09:06:39","09 Oct 2025 - TACTO OTONO 25 PPD SANGRE","2025/10/09 09:06:39","09 Oct 2025 - TACTO OTONO 25 PPD SANGRE","2025/10/09 09:06:03","","","","","","","","","","","","","","","","1969/12/31 21:00:00","","","","","","","","VACIA"
"1990","032 010006501990","","","","","","","","","","","","","","","--.--","","","","","","","","","","","","","","","","","","","","Nueva etiqu.:1990","2025/10/09 09:07:56","09 Oct 2025 - TACTO OTONO 25 PPD SANGRE","2025/10/09 09:07:56","09 Oct 2025 - TACTO OTONO 25 PPD SANGRE","2025/10/09 09:07:48","","","","","","","","","","","","","","","","1969/12/31 21:00:00","","","","","","","","VACIA"
"1991","032 010006501991","","","","","","","","","","","","","","","--.--","","","","","","","","","","","","","","","","","","","","Nueva etiqu.:1991","2025/10/09 09:08:53","09 Oct 2025 - TACTO OTONO 25 PPD SANGRE","2025/10/09 09:08:53","09 Oct 2025 - TACTO OTONO 25 PPD SANGRE","2025/10/09 09:08:51","","","","","","","","","","","","","","","","1969/12/31 21:00:00","","","","","","","","CABEZA"
"1992","032 010006501992","","","","","","","","","","","","","","","--.--","","","","","","","","","","","","","","","","","","","","Nueva etiqu.:1992","2025/10/09 09:10:10","09 Oct 2025 - TACTO OTONO 25 PPD SANGRE","2025/10/09 09:10:10","09 Oct 2025 - TACTO OTONO 25 PPD SANGRE","2025/10/09 09:10:07","","","","","","","","","","","","","","","","1969/12/31 21:00:00","","","","","","","","CABEZA"
"1993","032 010006501993","","","","","","","","","","","","","","","--.--","","","","","","","","","","","","","","","","","","","","Nueva etiqu.:1993","2025/10/09 09:11:14","09 Oct 2025 - TACTO OTONO 25 PPD SANGRE","2025/10/09 09:11:14","09 Oct 2025 - TACTO OTONO 25 PPD SANGRE","2025/10/09 09:11:11","","","","","","","","","","","","","","","","1969/12/31 21:00:00","","","","","","","","CABEZA"
"1994","032 010006501994","","","","","","","","","","","","","","","--.--","","","","","","","","","","","","","","","","","","","","Nueva etiqu.:1994","2025/10/09 09:12:44","09 Oct 2025 - TACTO OTONO 25 PPD SANGRE","2025/10/09 09:12:44","09 Oct 2025 - TACTO OTONO 25 PPD SANGRE","2025/10/09 09:12:37","","","","","","","","","","","","","","","","1969/12/31 21:00:00","","","","","","","","VACIA"
"1995","032 010006501995","","","","","","","","","","","","","","","--.--","","","","","","","","","","","","","","","","","","","","Nueva etiqu.:1995","2025/10/09 09:20:15","09 Oct 2025 - TACTO OTONO 25 PPD SANGRE","2025/10/09 09:20:15","09 Oct 2025 - TACTO OTONO 25 PPD SANGRE","2025/10/09 09:20:13","","","","","","","","","","","","","","","","1969/12/31 21:00:00","","","","","","","","CABEZA"
"1996","032 010006501996","","","","","","","","","","","","","","","--.--","","","","","","","","","","","","","","","","","","","","Nueva etiqu.:1996","2025/10/09 09:22:47","09 Oct 2025 - TACTO OTONO 25 PPD SANGRE","2025/10/09 09:22:47","09 Oct 2025 - TACTO OTONO 25 PPD SANGRE","2025/10/09 09:22:44","","","","","","","","","","","","","","","","1969/12/31 21:00:00","","","","","","","","CABEZA"
"1997","032 010006501997","","","","","","","","","","","","","","","--.--","","","","","","","","","","","","","","","","","","","","Nueva etiqu.:1997","2025/10/09 09:23:32","09 Oct 2025 - TACTO OTONO 25 PPD SANGRE","2025/10/09 09:23:32","09 Oct 2025 - TACTO OTONO 25 PPD SANGRE","2025/10/09 09:23:28","","","","","","","","","","","","","","","","1969/12/31 21:00:00","","","","","","","","VACIA"
"1998","032 010006501998","","","","","","","","","","","","","","","--.--","","","","","","","","","","","","","","","","","","","","Nueva etiqu.:1998","2025/10/09 09:23:45","09 Oct 2025 - TACTO OTONO 25 PPD SANGRE","2025/10/09 09:23:45","09 Oct 2025 - TACTO OTONO 25 PPD SANGRE","2025/10/09 09:23:43","","","","","","","","","","","","","","","","1969/12/31 21:00:00","","","","","","","","VACIA"
"1999","032 010006501999","","","","","","","","","","","","","","","--.--","","","","","","","","","","","","","","","","","","","","Nueva etiqu.:1999","2025/10/09 09:25:54","09 Oct 2025 - TACTO OTONO 25 PPD SANGRE","2025/10/09 09:25:54","09 Oct 2025 - TACTO OTONO 25 PPD SANGRE","2025/10/09 09:25:50","","","","","","","","","","","","","","","","1969/12/31 21:00:00","","","","","","","","CABEZA"
"0150","032 010006500150","","","","","","","","","","","","","","","--.--","","","","","","","","","","","","","","","","","","","","Nueva etiqu.:0150","2025/10/09 09:27:15","09 Oct 2025 - TACTO OTONO 25 PPD SANGRE","2025/10/09 09:27:15","09 Oct 2025 - TACTO OTONO 25 PPD SANGRE","2025/10/09 09:26:27","","","","","","","","","","","","","","","","1969/12/31 21:00:00","","","","","","","","CABEZA"
"0151","032 010006500151","","","","","","","","","","","","","","","--.--","","","","","","","","","","","","","","","","","","","","Nueva etiqu.:0151","2025/10/09 09:29:13","09 Oct 2025 - TACTO OTONO 25 PPD SANGRE","2025/10/09 09:29:13","09 Oct 2025 - TACTO OTONO 25 PPD SANGRE","2025/10/09 09:29:11","","","","","","","","","","","","","","","","1969/12/31 21:00:00","","","","","","","","VACIA"
"0152","032 010006500152","","","","","","","","","","","","","","","--.--","","","","","","","","","","","","","","","","","","","","Nueva etiqu.:0152","2025/10/09 09:30:07","09 Oct 2025 - TACTO OTONO 25 PPD SANGRE","2025/10/09 09:30:07","09 Oct 2025 - TACTO OTONO 25 PPD SANGRE","2025/10/09 09:30:03","","","","","","","","","","","","","","","","1969/12/31 21:00:00","","","","","","","","CABEZA"
"0153","032 010006500153","","","","","","","","","","","","","","","--.--","","","","","","","","","","","","","","","","","","","","Nueva etiqu.:0153","2025/10/09 09:31:35","09 Oct 2025 - TACTO OTONO 25 PPD SANGRE","2025/10/09 09:31:35","09 Oct 2025 - TACTO OTONO 25 PPD SANGRE","2025/10/09 09:31:31","","","","","","","","","","","","","","","","1969/12/31 21:00:00","","","","","","","","CABEZA"
"0154","032 010006500154","","","","","","","","","","","","","","","--.--","","","","","","","","","","","","","","","","","","","","Nueva etiqu.:0154","2025/10/09 09:32:09","09 Oct 2025 - TACTO OTONO 25 PPD SANGRE","2025/10/09 09:32:09","09 Oct 2025 - TACTO OTONO 25 PPD SANGRE","2025/10/09 09:32:06","","","","","","","","","","","","","","","","1969/12/31 21:00:00","","","","","","","","CABEZA"
"0155","032 010006500155","","","","","","","","","","","","","","","--.--","","","","","","","","","","","","","","","","","","","","Nueva etiqu.:0155","2025/10/09 09:33:50","09 Oct 2025 - TACTO OTONO 25 PPD SANGRE","2025/10/09 09:33:50","09 Oct 2025 - TACTO OTONO 25 PPD SANGRE","2025/10/09 09:33:47","","","","","","","","","","","","","","","","1969/12/31 21:00:00","","","","","","","","CABEZA"
"0156","032 010006500156","","","","","","","","","","","","","","","--.--","","","","","","","","","","","","","","","","","","","","Nueva etiqu.:0156","2025/10/09 09:36:05","09 Oct 2025 - TACTO OTONO 25 PPD SANGRE","2025/10/09 09:36:05","09 Oct 2025 - TACTO OTONO 25 PPD SANGRE","2025/10/09 09:34:21","","","","","","","","","","","","","","","","1969/12/31 21:00:00","","","","","","","","VACIA"
"0157","032 010006500157","","","","","","","","","","","","","","","--.--","","","","","","","","","","","","","","","","","","","","Nueva etiqu.:0157","2025/10/09 09:37:34","09 Oct 2025 - TACTO OTONO 25 PPD SANGRE","2025/10/09 09:37:34","09 Oct 2025 - TACTO OTONO 25 PPD SANGRE","2025/10/09 09:37:31","","","","","","","","","","","","","","","","1969/12/31 21:00:00","","","","","","","","VACIA"
"0158","032 010006500158","","","","","","","","","","","","","","","--.--","","","","","","","","","","","","","","","","","","","","Nueva etiqu.:0158","2025/10/09 09:38:48","09 Oct 2025 - TACTO OTONO 25 PPD SANGRE","2025/10/09 09:38:48","09 Oct 2025 - TACTO OTONO 25 PPD SANGRE","2025/10/09 09:38:46","","","","","","","","","","","","","","","","1969/12/31 21:00:00","","","","","","","","VACIA"
"0159","032 010006500159","","","","","","","","","","","","","","","--.--","","","","","","","","","","","","","","","","","","","","Nueva etiqu.:0159","2025/10/09 09:39:38","09 Oct 2025 - TACTO OTONO 25 PPD SANGRE","2025/10/09 09:39:38","09 Oct 2025 - TACTO OTONO 25 PPD SANGRE","2025/10/09 09:39:36","","","","","","","","","","","","","","","","1969/12/31 21:00:00","","","","","","","","CABEZA"
"0160","032 010006500160","","","","","","","","","","","","","","","--.--","","","","","","","","","","","","","","","","","","","","Nueva etiqu.:0160","2025/10/09 09:40:39","09 Oct 2025 - TACTO OTONO 25 PPD SANGRE","2025/10/09 09:40:39","09 Oct 2025 - TACTO OTONO 25 PPD SANGRE","2025/10/09 09:40:36","","","","","","","","","","","","","","","","1969/12/31 21:00:00","","","","","","","","VACIA"
"0161","032 010006500161","","","","","","","","","","","","","","","--.--","","","","","","","","","","","","","","","","","","","","Nueva etiqu.:0161","2025/10/09 09:41:37","09 Oct 2025 - TACTO OTONO 25 PPD SANGRE","2025/10/09 09:41:37","09 Oct 2025 - TACTO OTONO 25 PPD SANGRE","2025/10/09 09:41:32","","","","","","","","","","","","","","","","1969/12/31 21:00:00","","","","","","","","CABEZA"
"0162","032 010006500162","","","","","","","","","","","","","","","--.--","","","","","","","","","","","","","","","","","","","","Nueva etiqu.:0162","2025/10/09 09:42:33","09 Oct 2025 - TACTO OTONO 25 PPD SANGRE","2025/10/09 09:42:33","09 Oct 2025 - TACTO OTONO 25 PPD SANGRE","2025/10/09 09:42:30","","","","","","","","","","","","","","","","1969/12/31 21:00:00","","","","","","","","VACIA"
"0163","032 010006500163","","","","","","","","","","","","","","","--.--","","","","","","","","","","","","","","","","","","","","Nueva etiqu.:0163","2025/10/09 09:43:58","09 Oct 2025 - TACTO OTONO 25 PPD SANGRE","2025/10/09 09:43:58","09 Oct 2025 - TACTO OTONO 25 PPD SANGRE","2025/10/09 09:43:55","","","","","","","","","","","","","","","","1969/12/31 21:00:00","","","","","","","","CABEZA"
"0164","032 010006500164","","","","","","","","","","","","","","","--.--","","","","","","","","","","","","","","","","","","","","Nueva etiqu.:0164","2025/10/09 09:45:21","09 Oct 2025 - TACTO OTONO 25 PPD SANGRE","2025/10/09 09:45:21","09 Oct 2025 - TACTO OTONO 25 PPD SANGRE","2025/10/09 09:45:15","","","","","","","","","","","","","","","","1969/12/31 21:00:00","","","","","","","","CABEZA"
"0165","032 010006500165","","","","","","","","","","","","","","","--.--","","","","","","","","","","","","","","","","","","","","Nueva etiqu.:0165","2025/10/09 09:45:59","09 Oct 2025 - TACTO OTONO 25 PPD SANGRE","2025/10/09 09:45:59","09 Oct 2025 - TACTO OTONO 25 PPD SANGRE","2025/10/09 09:45:55","","","","","","","","","","","","","","","","1969/12/31 21:00:00","","","","","","","","CABEZA"
"0166","032 010006500166","","","","","","","","","","","","","","","--.--","","","","","","","","","","","","","","","","","","","","Nueva etiqu.:0166","2025/10/09 09:48:20","09 Oct 2025 - TACTO OTONO 25 PPD SANGRE","2025/10/09 09:48:20","09 Oct 2025 - TACTO OTONO 25 PPD SANGRE","2025/10/09 09:48:17","","","","","","","","","","","","","","","","1969/12/31 21:00:00","","","","","","","","VACIA"
"0167","032 010006500167","","","","","","","","","","","","","","","--.--","","","","","","","","","","","","","","","","","","","","Nueva etiqu.:0167","2025/10/09 09:49:25","09 Oct 2025 - TACTO OTONO 25 PPD SANGRE","2025/10/09 09:49:25","09 Oct 2025 - TACTO OTONO 25 PPD SANGRE","2025/10/09 09:49:23","","","","","","","","","","","","","","","","1969/12/31 21:00:00","","","","","","","","CABEZA"
"0168","032 010006500168","","","","","","","","","","","","","","","--.--","","","","","","","","","","","","","","","","","","","","Nueva etiqu.:0168","2025/10/09 09:51:13","09 Oct 2025 - TACTO OTONO 25 PPD SANGRE","2025/10/09 09:51:13","09 Oct 2025 - TACTO OTONO 25 PPD SANGRE","2025/10/09 09:51:10","","","","","","","","","","","","","","","","1969/12/31 21:00:00","","","","","","","","CABEZA"
"0169","032 010006500169","","","","","","","","","","","","","","","--.--","","","","","","","","","","","","","","","","","","","","Nueva etiqu.:0169","2025/10/09 09:53:24","09 Oct 2025 - TACTO OTONO 25 PPD SANGRE","2025/10/09 09:53:24","09 Oct 2025 - TACTO OTONO 25 PPD SANGRE","2025/10/09 09:53:19","","","","","","","","","","","","","","","","1969/12/31 21:00:00","","","","","","","","CABEZA"
"0170","032 010006500170","","","","","","","","","","","","","","","--.--","","","","","","","","","","","","","","","","","","","","Nueva etiqu.:0170","2025/10/09 09:54:16","09 Oct 2025 - TACTO OTONO 25 PPD SANGRE","2025/10/09 09:54:16","09 Oct 2025 - TACTO OTONO 25 PPD SANGRE","2025/10/09 09:54:13","","","","","","","","","","","","","","","","1969/12/31 21:00:00","","","","","","","","VACIA"
"0171","032 010006500171","","","","","","","","","","","","","","","--.--","","","","","","","","","","","","","","","","","","","","Nueva etiqu.:0171","2025/10/09 09:55:52","09 Oct 2025 - TACTO OTONO 25 PPD SANGRE","2025/10/09 09:55:52","09 Oct 2025 - TACTO OTONO 25 PPD SANGRE","2025/10/09 09:55:47","","","","","","","","","","","","","","","","1969/12/31 21:00:00","","","","","","","","VACIA"
"0172","032 010006500172","","","","","","","","","","","","","","","--.--","","","","","","","","","","","","","","","","","","","","Nueva etiqu.:0172","2025/10/09 09:57:32","09 Oct 2025 - TACTO OTONO 25 PPD SANGRE","2025/10/09 09:57:32","09 Oct 2025 - TACTO OTONO 25 PPD SANGRE","2025/10/09 09:57:28","","","","","","","","","","","","","","","","1969/12/31 21:00:00","","","","","","","","VACIA"
"0173","032 010006500173","","","","","","","","","","","","","","","--.--","","","","","","","","","","","","","","","","","","","","Nueva etiqu.:0173","2025/10/09 09:59:37","09 Oct 2025 - TACTO OTONO 25 PPD SANGRE","2025/10/09 09:59:37","09 Oct 2025 - TACTO OTONO 25 PPD SANGRE","2025/10/09 09:59:35","","","","","","","","","","","","","","","","1969/12/31 21:00:00","","","","","","","","CABEZA"
"0174","032 010006500174","","","","","","","","","","","","","","","--.--","","","","","","","","","","","","","","","","","","","","Nueva etiqu.:0174","2025/10/09 10:01:26","09 Oct 2025 - TACTO OTONO 25 PPD SANGRE","2025/10/09 10:01:26","09 Oct 2025 - TACTO OTONO 25 PPD SANGRE","2025/10/09 10:01:23","","","","","","","","","","","","","","","","1969/12/31 21:00:00","","","","","","","","CABEZA"
"0175","032 010006500175","","","","","","","","","","","","","","","--.--","","","","","","","","","","","","","","","","","","","","Nueva etiqu.:0175","2025/10/09 10:02:52","09 Oct 2025 - TACTO OTONO 25 PPD SANGRE","2025/10/09 10:02:52","09 Oct 2025 - TACTO OTONO 25 PPD SANGRE","2025/10/09 10:02:50","","","","","","","","","","","","","","","","1969/12/31 21:00:00","","","","","","","","VACIA"
"0176","032 010006500176","","","","","","","","","","","","","","","--.--","","","","","","","","","","","","","","","","","","","","Nueva etiqu.:0176","2025/10/09 10:04:08","09 Oct 2025 - TACTO OTONO 25 PPD SANGRE","2025/10/09 10:04:08","09 Oct 2025 - TACTO OTONO 25 PPD SANGRE","2025/10/09 10:04:06","","","","","","","","","","","","","","","","1969/12/31 21:00:00","","","","","","","","CABEZA"
"0177","032 010006500177","","","","","","","","","","","","","","","--.--","","","","","","","","","","","","","","","","","","","","Nueva etiqu.:0177","2025/10/09 10:05:17","09 Oct 2025 - TACTO OTONO 25 PPD SANGRE","2025/10/09 10:05:17","09 Oct 2025 - TACTO OTONO 25 PPD SANGRE","2025/10/09 10:05:14","","","","","","","","","","","","","","","","1969/12/31 21:00:00","","","","","","","","VACIA"
"0178","032 010006500178","","","","","","","","","","","","","","","--.--","","","","","","","","","","","","","","","","","","","","Nueva etiqu.:0178","2025/10/09 10:06:37","09 Oct 2025 - TACTO OTONO 25 PPD SANGRE","2025/10/09 10:06:37","09 Oct 2025 - TACTO OTONO 25 PPD SANGRE","2025/10/09 10:06:34","","","","","","","","","","","","","","","","1969/12/31 21:00:00","","","","","","","","VACIA"
"0179","032 010006500179","","","","","","","","","","","","","","","--.--","","","","","","","","","","","","","","","","","","","","Nueva etiqu.:0179","2025/10/09 10:10:57","09 Oct 2025 - TACTO OTONO 25 PPD SANGRE","2025/10/09 10:10:57","09 Oct 2025 - TACTO OTONO 25 PPD SANGRE","2025/10/09 10:10:53","","","","","","","","","","","","","","","","1969/12/31 21:00:00","","","","","","","","CABEZA"
"0180","032 010006500180","","","","","","","","","","","","","","","--.--","","","","","","","","","","","","","","","","","","","","Nueva etiqu.:0180","2025/10/09 10:12:09","09 Oct 2025 - TACTO OTONO 25 PPD SANGRE","2025/10/09 10:12:09","09 Oct 2025 - TACTO OTONO 25 PPD SANGRE","2025/10/09 10:12:07","","","","","","","","","","","","","","","","1969/12/31 21:00:00","","","","","","","","CABEZA"
"0181","032 010006500181","","","","","","","","","","","","","","","--.--","","","","","","","","","","","","","","","","","","","","Nueva etiqu.:0181","2025/10/09 10:13:00","09 Oct 2025 - TACTO OTONO 25 PPD SANGRE","2025/10/09 10:13:00","09 Oct 2025 - TACTO OTONO 25 PPD SANGRE","2025/10/09 10:12:58","","","","","","","","","","","","","","","","1969/12/31 21:00:00","","","","","","","","CABEZA"
"0182","032 010006500182","","","","","","","","","","","","","","","--.--","","","","","","","","","","","","","","","","","","","","Nueva etiqu.:0182","2025/10/09 10:14:01","09 Oct 2025 - TACTO OTONO 25 PPD SANGRE","2025/10/09 10:14:01","09 Oct 2025 - TACTO OTONO 25 PPD SANGRE","2025/10/09 10:13:59","","","","","","","","","","","","","","","","1969/12/31 21:00:00","","","","","","","","CABEZA"
"0183","032 010006500183","","","","","","","","","","","","","","","--.--","","","","","","","","","","","","","","","","","","","","Nueva etiqu.:0183","2025/10/09 10:14:50","09 Oct 2025 - TACTO OTONO 25 PPD SANGRE","2025/10/09 10:14:50","09 Oct 2025 - TACTO OTONO 25 PPD SANGRE","2025/10/09 10:14:48","","","","","","","","","","","","","","","","1969/12/31 21:00:00","","","","","","","","VACIA"
"0184","032 010006500184","","","","","","","","","","","","","","","--.--","","","","","","","","","","","","","","","","","","","","Nueva etiqu.:0184","2025/10/09 10:15:46","09 Oct 2025 - TACTO OTONO 25 PPD SANGRE","2025/10/09 10:15:46","09 Oct 2025 - TACTO OTONO 25 PPD SANGRE","2025/10/09 10:15:43","","","","","","","","","","","","","","","","1969/12/31 21:00:00","","","","","","","","CABEZA"
"0185","032 010006500185","","","","","","","","","","","","","","","--.--","","","","","","","","","","","","","","","","","","","","Nueva etiqu.:0185","2025/10/09 10:16:53","09 Oct 2025 - TACTO OTONO 25 PPD SANGRE","2025/10/09 10:16:53","09 Oct 2025 - TACTO OTONO 25 PPD SANGRE","2025/10/09 10:16:52","","","","","","","","","","","","","","","","1969/12/31 21:00:00","","","","","","","","CABEZA"
"0186","032 010006500186","","","","","","","","","","","","","","","--.--","","","","","","","","","","","","","","","","","","","","Nueva etiqu.:0186","2025/10/09 10:18:30","09 Oct 2025 - TACTO OTONO 25 PPD SANGRE","2025/10/09 10:18:30","09 Oct 2025 - TACTO OTONO 25 PPD SANGRE","2025/10/09 10:18:27","","","","","","","","","","","","","","","","1969/12/31 21:00:00","","","","","","","","VACIA"
"0187","032 010006500187","","","","","","","","","","","","","","","--.--","","","","","","","","","","","","","","","","","","","","Nueva etiqu.:0187","2025/10/09 10:19:23","09 Oct 2025 - TACTO OTONO 25 PPD SANGRE","2025/10/09 10:19:23","09 Oct 2025 - TACTO OTONO 25 PPD SANGRE","2025/10/09 10:19:19","","","","","","","","","","","","","","","","1969/12/31 21:00:00","","","","","","","","CABEZA"
"0188","032 010006500188","","","","","","","","","","","","","","","--.--","","","","","","","","","","","","","","","","","","","","Nueva etiqu.:0188","2025/10/09 10:20:19","09 Oct 2025 - TACTO OTONO 25 PPD SANGRE","2025/10/09 10:20:19","09 Oct 2025 - TACTO OTONO 25 PPD SANGRE","2025/10/09 10:20:17","","","","","","","","","","","","","","","","1969/12/31 21:00:00","","","","","","","","CABEZA"
"0189","032 010006500189","","","","","","","","","","","","","","","--.--","","","","","","","","","","","","","","","","","","","","Nueva etiqu.:0189","2025/10/09 10:22:07","09 Oct 2025 - TACTO OTONO 25 PPD SANGRE","2025/10/09 10:22:07","09 Oct 2025 - TACTO OTONO 25 PPD SANGRE","2025/10/09 10:21:26","","","","","","","","","","","","","","","","1969/12/31 21:00:00","","","","","","","","CABEZA"
"0190","032 010006500190","","","","","","","","","","","","","","","--.--","","","","","","","","","","","","","","","","","","","","Nueva etiqu.:0190","2025/10/09 10:23:27","09 Oct 2025 - TACTO OTONO 25 PPD SANGRE","2025/10/09 10:23:27","09 Oct 2025 - TACTO OTONO 25 PPD SANGRE","2025/10/09 10:23:21","","","","","","","","","","","","","","","","1969/12/31 21:00:00","","","","","","","","CABEZA"
"0191","032 010006500191","","","","","","","","","","","","","","","--.--","","","","","","","","","","","","","","","","","","","","Nueva etiqu.:0191","2025/10/09 10:24:39","09 Oct 2025 - TACTO OTONO 25 PPD SANGRE","2025/10/09 10:24:39","09 Oct 2025 - TACTO OTONO 25 PPD SANGRE","2025/10/09 10:24:36","","","","","","","","","","","","","","","","1969/12/31 21:00:00","","","","","","","","CABEZA"
"0192","032 010006500192","","","","","","","","","","","","","","","--.--","","","","","","","","","","","","","","","","","","","","Nueva etiqu.:0192","2025/10/09 10:25:42","09 Oct 2025 - TACTO OTONO 25 PPD SANGRE","2025/10/09 10:25:42","09 Oct 2025 - TACTO OTONO 25 PPD SANGRE","2025/10/09 10:25:39","","","","","","","","","","","","","","","","1969/12/31 21:00:00","","","","","","","","CABEZA"
"0193","032 010006500193","","","","","","","","","","","","","","","--.--","","","","","","","","","","","","","","","","","","","","Nueva etiqu.:0193","2025/10/09 10:26:37","09 Oct 2025 - TACTO OTONO 25 PPD SANGRE","2025/10/09 10:26:37","09 Oct 2025 - TACTO OTONO 25 PPD SANGRE","2025/10/09 10:26:34","","","","","","","","","","","","","","","","1969/12/31 21:00:00","","","","","","","","VACIA"
"0194","032 010006500194","","","","","","","","","","","","","","","--.--","","","","","","","","","","","","","","","","","","","","Nueva etiqu.:0194","2025/10/09 10:27:46","09 Oct 2025 - TACTO OTONO 25 PPD SANGRE","2025/10/09 10:27:46","09 Oct 2025 - TACTO OTONO 25 PPD SANGRE","2025/10/09 10:27:43","","","","","","","","","","","","","","","","1969/12/31 21:00:00","","","","","","","","CABEZA"
"0195","032 010006500195","","","","","","","","","","","","","","","--.--","","","","","","","","","","","","","","","","","","","","Nueva etiqu.:0195","2025/10/09 10:28:51","09 Oct 2025 - TACTO OTONO 25 PPD SANGRE","2025/10/09 10:28:51","09 Oct 2025 - TACTO OTONO 25 PPD SANGRE","2025/10/09 10:28:48","","","","","","","","","","","","","","","","1969/12/31 21:00:00","","","","","","","","VACIA"
"0196","032 010006500196","","","","","","","","","","","","","","","--.--","","","","","","","","","","","","","","","","","","","","Nueva etiqu.:0196","2025/10/09 10:29:49","09 Oct 2025 - TACTO OTONO 25 PPD SANGRE","2025/10/09 10:29:49","09 Oct 2025 - TACTO OTONO 25 PPD SANGRE","2025/10/09 10:29:09","","","","","","","","","","","","","","","","1969/12/31 21:00:00","","","","","","","","VACIA"
"0197","032 010006500197","","","","","","","","","","","","","","","--.--","","","","","","","","","","","","","","","","","","","","Nueva etiqu.:0197","2025/10/09 10:30:47","09 Oct 2025 - TACTO OTONO 25 PPD SANGRE","2025/10/09 10:30:47","09 Oct 2025 - TACTO OTONO 25 PPD SANGRE","2025/10/09 10:30:45","","","","","","","","","","","","","","","","1969/12/31 21:00:00","","","","","","","","VACIA"
"0198","032 010006500198","","","","","","","","","","","","","","","--.--","","","","","","","","","","","","","","","","","","","","Nueva etiqu.:0198","2025/10/09 10:31:53","09 Oct 2025 - TACTO OTONO 25 PPD SANGRE","2025/10/09 10:31:53","09 Oct 2025 - TACTO OTONO 25 PPD SANGRE","2025/10/09 10:31:52","","","","","","","","","","","","","","","","1969/12/31 21:00:00","","","","","","","","CABEZA"
"0199","032 010006500199","","","","","","","","","","","","","","","--.--","","","","","","","","","","","","","","","","","","","","Nueva etiqu.:0199","2025/10/09 10:33:49","09 Oct 2025 - TACTO OTONO 25 PPD SANGRE","2025/10/09 10:33:49","09 Oct 2025 - TACTO OTONO 25 PPD SANGRE","2025/10/09 10:33:46","","","","","","","","","","","","","","","","1969/12/31 21:00:00","","","","","","","","CABEZA"
"0200","032 010006500200","","","","","","","","","","","","","","","--.--","","","","","","","","","","","","","","","","","","","","Nueva etiqu.:0200","2025/10/09 10:36:25","09 Oct 2025 - TACTO OTONO 25 PPD SANGRE","2025/10/09 10:36:25","09 Oct 2025 - TACTO OTONO 25 PPD SANGRE","2025/10/09 10:36:22","","","","","","","","","","","","","","","","1969/12/31 21:00:00","","","","","","","","CABEZA"
"0201","032 010006500201","","","","","","","","","","","","","","","--.--","","","","","","","","","","","","","","","","","","","","Nueva etiqu.:0201","2025/10/09 10:37:44","09 Oct 2025 - TACTO OTONO 25 PPD SANGRE","2025/10/09 10:37:44","09 Oct 2025 - TACTO OTONO 25 PPD SANGRE","2025/10/09 10:37:42","","","","","","","","","","","","","","","","1969/12/31 21:00:00","","","","","","","","CABEZA"
"0202","032 010006500202","","","","","","","","","","","","","","","--.--","","","","","","","","","","","","","","","","","","","","Nueva etiqu.:0202","2025/10/09 10:38:26","09 Oct 2025 - TACTO OTONO 25 PPD SANGRE","2025/10/09 10:38:26","09 Oct 2025 - TACTO OTONO 25 PPD SANGRE","2025/10/09 10:37:50","","","","","","","","","","","","","","","","1969/12/31 21:00:00","","","","","","","","CABEZA"
"0203","032 010006500203","","","","","","","","","","","","","","","--.--","","","","","","","","","","","","","","","","","","","","Nueva etiqu.:0203","2025/10/09 10:40:05","09 Oct 2025 - TACTO OTONO 25 PPD SANGRE","2025/10/09 10:40:05","09 Oct 2025 - TACTO OTONO 25 PPD SANGRE","2025/10/09 10:40:02","","","","","","","","","","","","","","","","1969/12/31 21:00:00","","","","","","","","CABEZA"
"0204","032 010006500204","","","","","","","","","","","","","","","--.--","","","","","","","","","","","","","","","","","","","","Nueva etiqu.:0204","2025/10/09 10:44:08","09 Oct 2025 - TACTO OTONO 25 PPD SANGRE","2025/10/09 10:44:08","09 Oct 2025 - TACTO OTONO 25 PPD SANGRE","2025/10/09 10:44:04","","","","","","","","","","","","","","","","1969/12/31 21:00:00","","","","","","","","CABEZA"
"0205","032 010006500205","","","","","","","","","","","","","","","--.--","","","","","","","","","","","","","","","","","","","","Nueva etiqu.:0205","2025/10/09 10:45:02","09 Oct 2025 - TACTO OTONO 25 PPD SANGRE","2025/10/09 10:45:02","09 Oct 2025 - TACTO OTONO 25 PPD SANGRE","2025/10/09 10:44:58","","","","","","","","","","","","","","","","1969/12/31 21:00:00","","","","","","","","VACIA"
"0206","032 010006500206","","","","","","","","","","","","","","","--.--","","","","","","","","","","","","","","","","","","","","Nueva etiqu.:0206","2025/10/09 10:46:19","09 Oct 2025 - TACTO OTONO 25 PPD SANGRE","2025/10/09 10:46:19","09 Oct 2025 - TACTO OTONO 25 PPD SANGRE","2025/10/09 10:46:17","","","","","","","","","","","","","","","","1969/12/31 21:00:00","","","","","","","","CABEZA"
"0207","032 010006500207","","","","","","","","","","","","","","","--.--","","","","","","","","","","","","","","","","","","","","Nueva etiqu.:0207","2025/10/09 10:47:38","09 Oct 2025 - TACTO OTONO 25 PPD SANGRE","2025/10/09 10:47:38","09 Oct 2025 - TACTO OTONO 25 PPD SANGRE","2025/10/09 10:47:36","","","","","","","","","","","","","","","","1969/12/31 21:00:00","","","","","","","","CABEZA"
"0208","032 010006500208","","","","","","","","","","","","","","","--.--","","","","","","","","","","","","","","","","","","","","Nueva etiqu.:0208","2025/10/09 10:48:20","09 Oct 2025 - TACTO OTONO 25 PPD SANGRE","2025/10/09 10:48:20","09 Oct 2025 - TACTO OTONO 25 PPD SANGRE","2025/10/09 10:48:18","","","","","","","","","","","","","","","","1969/12/31 21:00:00","","","","","","","","CABEZA"
"0209","032 010006500209","","","","","","","","","","","","","","","--.--","","","","","","","","","","","","","","","","","","","","Nueva etiqu.:0209","2025/10/09 10:49:12","09 Oct 2025 - TACTO OTONO 25 PPD SANGRE","2025/10/09 10:49:12","09 Oct 2025 - TACTO OTONO 25 PPD SANGRE","2025/10/09 10:49:08","","","","","","","","","","","","","","","","1969/12/31 21:00:00","","","","","","","","CABEZA"
"0210","032 010006500210","","","","","","","","","","","","","","","--.--","","","","","","","","","","","","","","","","","","","","Nueva etiqu.:0210","2025/10/09 10:49:56","09 Oct 2025 - TACTO OTONO 25 PPD SANGRE","2025/10/09 10:49:56","09 Oct 2025 - TACTO OTONO 25 PPD SANGRE","2025/10/09 10:49:53","","","","","","","","","","","","","","","","1969/12/31 21:00:00","","","","","","","","CABEZA"
"0211","032 010006500211","","","","","","","","","","","","","","","--.--","","","","","","","","","","","","","","","","","","","","Nueva etiqu.:0211","2025/10/09 10:51:25","09 Oct 2025 - TACTO OTONO 25 PPD SANGRE","2025/10/09 10:51:25","09 Oct 2025 - TACTO OTONO 25 PPD SANGRE","2025/10/09 10:51:22","","","","","","","","","","","","","","","","1969/12/31 21:00:00","","","","","","","","CABEZA"
"0212","032 010006500212","","","","","","","","","","","","","","","--.--","","","","","","","","","","","","","","","","","","","","Nueva etiqu.:0212","2025/10/09 10:52:26","09 Oct 2025 - TACTO OTONO 25 PPD SANGRE","2025/10/09 10:52:26","09 Oct 2025 - TACTO OTONO 25 PPD SANGRE","2025/10/09 10:52:24","","","","","","","","","","","","","","","","1969/12/31 21:00:00","","","","","","","","VACIA"
"0213","032 010006500213","","","","","","","","","","","","","","","--.--","","","","","","","","","","","","","","","","","","","","Nueva etiqu.:0213","2025/10/09 10:53:03","09 Oct 2025 - TACTO OTONO 25 PPD SANGRE","2025/10/09 10:53:03","09 Oct 2025 - TACTO OTONO 25 PPD SANGRE","2025/10/09 10:53:01","","","","","","","","","","","","","","","","1969/12/31 21:00:00","","","","","","","","CABEZA"
"0214","032 010006500214","","","","","","","","","","","","","","","--.--","","","","","","","","","","","","","","","","","","","","Nueva etiqu.:0214","2025/10/09 10:54:21","09 Oct 2025 - TACTO OTONO 25 PPD SANGRE","2025/10/09 10:54:21","09 Oct 2025 - TACTO OTONO 25 PPD SANGRE","2025/10/09 10:54:19","","","","","","","","","","","","","","","","1969/12/31 21:00:00","","","","","","","","CABEZA"
"0215","032 010006500215","","","","","","","","","","","","","","","--.--","","","","","","","","","","","","","","","","","","","","Nueva etiqu.:0215","2025/10/09 10:55:14","09 Oct 2025 - TACTO OTONO 25 PPD SANGRE","2025/10/09 10:55:14","09 Oct 2025 - TACTO OTONO 25 PPD SANGRE","2025/10/09 10:55:11","","","","","","","","","","","","","","","","1969/12/31 21:00:00","","","","","","","","CABEZA"
"0216","032 010006500216","","","","","","","","","","","","","","","--.--","","","","","","","","","","","","","","","","","","","","Nueva etiqu.:0216","2025/10/09 10:56:09","09 Oct 2025 - TACTO OTONO 25 PPD SANGRE","2025/10/09 10:56:09","09 Oct 2025 - TACTO OTONO 25 PPD SANGRE","2025/10/09 10:56:07","","","","","","","","","","","","","","","","1969/12/31 21:00:00","","","","","","","","VACIA"
"0217","032 010006500217","","","","","","","","","","","","","","","--.--","","","","","","","","","","","","","","","","","","","","Nueva etiqu.:0217","2025/10/09 10:57:04","09 Oct 2025 - TACTO OTONO 25 PPD SANGRE","2025/10/09 10:57:04","09 Oct 2025 - TACTO OTONO 25 PPD SANGRE","2025/10/09 10:57:00","","","","","","","","","","","","","","","","1969/12/31 21:00:00","","","","","","","","VACIA"
"0218","032 010006500218","","","","","","","","","","","","","","","--.--","","","","","","","","","","","","","","","","","","","","Nueva etiqu.:0218","2025/10/09 10:58:19","09 Oct 2025 - TACTO OTONO 25 PPD SANGRE","2025/10/09 10:58:19","09 Oct 2025 - TACTO OTONO 25 PPD SANGRE","2025/10/09 10:58:17","","","","","","","","","","","","","","","","1969/12/31 21:00:00","","","","","","","","VACIA"
"0219","032 010006500219","","","","","","","","","","","","","","","--.--","","","","","","","","","","","","","","","","","","","","Nueva etiqu.:0219","2025/10/09 10:59:30","09 Oct 2025 - TACTO OTONO 25 PPD SANGRE","2025/10/09 10:59:30","09 Oct 2025 - TACTO OTONO 25 PPD SANGRE","2025/10/09 10:59:27","","","","","","","","","","","","","","","","1969/12/31 21:00:00","","","","","","","","VACIA"
"0220","032 010006500220","","","","","","","","","","","","","","","--.--","","","","","","","","","","","","","","","","","","","","Nueva etiqu.:0220","2025/10/09 11:01:35","09 Oct 2025 - TACTO OTONO 25 PPD SANGRE","2025/10/09 11:01:35","09 Oct 2025 - TACTO OTONO 25 PPD SANGRE","2025/10/09 11:01:34","","","","","","","","","","","","","","","","1969/12/31 21:00:00","","","","","","","","CABEZA"
"0221","032 010006500221","","","","","","","","","","","","","","","--.--","","","","","","","","","","","","","","","","","","","","Nueva etiqu.:0221","2025/10/09 11:02:15","09 Oct 2025 - TACTO OTONO 25 PPD SANGRE","2025/10/09 11:02:15","09 Oct 2025 - TACTO OTONO 25 PPD SANGRE","2025/10/09 11:02:12","","","","","","","","","","","","","","","","1969/12/31 21:00:00","","","","","","","","CABEZA"
"0222","032 010006500222","","","","","","","","","","","","","","","--.--","","","","","","","","","","","","","","","","","","","","Nueva etiqu.:0222","2025/10/09 11:03:14","09 Oct 2025 - TACTO OTONO 25 PPD SANGRE","2025/10/09 11:03:14","09 Oct 2025 - TACTO OTONO 25 PPD SANGRE","2025/10/09 11:03:09","","","","","","","","","","","","","","","","1969/12/31 21:00:00","","","","","","","","VACIA"
"0223","032 010006500223","","","","","","","","","","","","","","","--.--","","","","","","","","","","","","","","","","","","","","Nueva etiqu.:0223","2025/10/09 11:04:04","09 Oct 2025 - TACTO OTONO 25 PPD SANGRE","2025/10/09 11:04:04","09 Oct 2025 - TACTO OTONO 25 PPD SANGRE","2025/10/09 11:04:02","","","","","","","","","","","","","","","","1969/12/31 21:00:00","","","","","","","","CABEZA"
"0224","032 010006500224","","","","","","","","","","","","","","","--.--","","","","","","","","","","","","","","","","","","","","Nueva etiqu.:0224","2025/10/09 11:06:17","09 Oct 2025 - TACTO OTONO 25 PPD SANGRE","2025/10/09 11:06:17","09 Oct 2025 - TACTO OTONO 25 PPD SANGRE","2025/10/09 11:06:14","","","","","","","","","","","","","","","","1969/12/31 21:00:00","","","","","","","","VACIA"
"0225","032 010006500225","","","","","","","","","","","","","","","--.--","","","","","","","","","","","","","","","","","","","","Nueva etiqu.:0225","2025/10/09 11:08:04","09 Oct 2025 - TACTO OTONO 25 PPD SANGRE","2025/10/09 11:08:04","09 Oct 2025 - TACTO OTONO 25 PPD SANGRE","2025/10/09 11:08:02","","","","","","","","","","","","","","","","1969/12/31 21:00:00","","","","","","","","CABEZA"
"0226","032 010006500226","","","","","","","","","","","","","","","--.--","","","","","","","","","","","","","","","","","","","","Nueva etiqu.:0226","2025/10/09 11:08:57","09 Oct 2025 - TACTO OTONO 25 PPD SANGRE","2025/10/09 11:08:57","09 Oct 2025 - TACTO OTONO 25 PPD SANGRE","2025/10/09 11:08:55","","","","","","","","","","","","","","","","1969/12/31 21:00:00","","","","","","","","CABEZA"
"0227","032 010006500227","","","","","","","","","","","","","","","--.--","","","","","","","","","","","","","","","","","","","","Nueva etiqu.:0227","2025/10/09 11:09:51","09 Oct 2025 - TACTO OTONO 25 PPD SANGRE","2025/10/09 11:09:51","09 Oct 2025 - TACTO OTONO 25 PPD SANGRE","2025/10/09 11:09:49","","","","","","","","","","","","","","","","1969/12/31 21:00:00","","","","","","","","VACIA"
"0228","032 010006500228","","","","","","","","","","","","","","","--.--","","","","","","","","","","","","","","","","","","","","Nueva etiqu.:0228","2025/10/09 11:10:45","09 Oct 2025 - TACTO OTONO 25 PPD SANGRE","2025/10/09 11:10:45","09 Oct 2025 - TACTO OTONO 25 PPD SANGRE","2025/10/09 11:10:42","","","","","","","","","","","","","","","","1969/12/31 21:00:00","","","","","","","","CABEZA"
"0229","032 010006500229","","","","","","","","","","","","","","","--.--","","","","","","","","","","","","","","","","","","","","Nueva etiqu.:0229","2025/10/09 11:12:05","09 Oct 2025 - TACTO OTONO 25 PPD SANGRE","2025/10/09 11:12:05","09 Oct 2025 - TACTO OTONO 25 PPD SANGRE","2025/10/09 11:12:02","","","","","","","","","","","","","","","","1969/12/31 21:00:00","","","","","","","","CABEZA"
"0230","032 010006500230","","","","","","","","","","","","","","","--.--","","","","","","","","","","","","","","","","","","","","Nueva etiqu.:0230","2025/10/09 11:13:10","09 Oct 2025 - TACTO OTONO 25 PPD SANGRE","2025/10/09 11:13:10","09 Oct 2025 - TACTO OTONO 25 PPD SANGRE","2025/10/09 11:13:08","","","","","","","","","","","","","","","","1969/12/31 21:00:00","","","","","","","","CABEZA"
"0231","032 010006500231","","","","","","","","","","","","","","","--.--","","","","","","","","","","","","","","","","","","","","Nueva etiqu.:0231","2025/10/09 11:16:37","09 Oct 2025 - TACTO OTONO 25 PPD SANGRE","2025/10/09 11:16:37","09 Oct 2025 - TACTO OTONO 25 PPD SANGRE","2025/10/09 11:13:17","","","","","","","","","","","","","","","","1969/12/31 21:00:00","","","","","","","","CABEZA"
"0232","032 010006500232","","","","","","","","","","","","","","","--.--","","","","","","","","","","","","","","","","","","","","Nueva etiqu.:0232","2025/10/09 11:18:55","09 Oct 2025 - TACTO OTONO 25 PPD SANGRE","2025/10/09 11:18:55","09 Oct 2025 - TACTO OTONO 25 PPD SANGRE","2025/10/09 11:18:52","","","","","","","","","","","","","","","","1969/12/31 21:00:00","","","","","","","","CABEZA"
"0233","032 010006500233","","","","","","","","","","","","","","","--.--","","","","","","","","","","","","","","","","","","","","Nueva etiqu.:0233","2025/10/09 11:20:27","09 Oct 2025 - TACTO OTONO 25 PPD SANGRE","2025/10/09 11:20:27","09 Oct 2025 - TACTO OTONO 25 PPD SANGRE","2025/10/09 11:20:25","","","","","","","","","","","","","","","","1969/12/31 21:00:00","","","","","","","","VACIA"
"0234","032 010006500234","","","","","","","","","","","","","","","--.--","","","","","","","","","","","","","","","","","","","","Nueva etiqu.:0234","2025/10/09 11:21:10","09 Oct 2025 - TACTO OTONO 25 PPD SANGRE","2025/10/09 11:21:10","09 Oct 2025 - TACTO OTONO 25 PPD SANGRE","2025/10/09 11:21:08","","","","","","","","","","","","","","","","1969/12/31 21:00:00","","","","","","","","CABEZA"
"0235","032 010006500235","","","","","","","","","","","","","","","--.--","","","","","","","","","","","","","","","","","","","","Nueva etiqu.:0235","2025/10/09 11:22:23","09 Oct 2025 - TACTO OTONO 25 PPD SANGRE","2025/10/09 11:22:23","09 Oct 2025 - TACTO OTONO 25 PPD SANGRE","2025/10/09 11:22:21","","","","","","","","","","","","","","","","1969/12/31 21:00:00","","","","","","","","CABEZA"
"0236","032 010006500236","","","","","","","","","","","","","","","--.--","","","","","","","","","","","","","","","","","","","","Nueva etiqu.:0236","2025/10/09 11:23:09","09 Oct 2025 - TACTO OTONO 25 PPD SANGRE","2025/10/09 11:23:09","09 Oct 2025 - TACTO OTONO 25 PPD SANGRE","2025/10/09 11:23:05","","","","","","","","","","","","","","","","1969/12/31 21:00:00","","","","","","","","CABEZA"
"0237","032 010006500237","","","","","","","","","","","","","","","--.--","","","","","","","","","","","","","","","","","","","","Nueva etiqu.:0237","2025/10/09 11:24:05","09 Oct 2025 - TACTO OTONO 25 PPD SANGRE","2025/10/09 11:24:05","09 Oct 2025 - TACTO OTONO 25 PPD SANGRE","2025/10/09 11:24:01","","","","","","","","","","","","","","","","1969/12/31 21:00:00","","","","","","","","CABEZA"
"0238","032 010006500238","","","","","","","","","","","","","","","--.--","","","","","","","","","","","","","","","","","","","","Nueva etiqu.:0238","2025/10/09 11:26:01","09 Oct 2025 - TACTO OTONO 25 PPD SANGRE","2025/10/09 11:26:01","09 Oct 2025 - TACTO OTONO 25 PPD SANGRE","2025/10/09 11:25:57","","","","","","","","","","","","","","","","1969/12/31 21:00:00","","","","","","","","VACIA"
"0239","032 010006500239","","","","","","","","","","","","","","","--.--","","","","","","","","","","","","","","","","","","","","Nueva etiqu.:0239","2025/10/09 11:27:08","09 Oct 2025 - TACTO OTONO 25 PPD SANGRE","2025/10/09 11:27:08","09 Oct 2025 - TACTO OTONO 25 PPD SANGRE","2025/10/09 11:27:03","","","","","","","","","","","","","","","","1969/12/31 21:00:00","","","","","","","","CABEZA"
"0240","032 010006500240","","","","","","","","","","","","","","","--.--","","","","","","","","","","","","","","","","","","","","Nueva etiqu.:0240","2025/10/09 11:28:04","09 Oct 2025 - TACTO OTONO 25 PPD SANGRE","2025/10/09 11:28:04","09 Oct 2025 - TACTO OTONO 25 PPD SANGRE","2025/10/09 11:28:00","","","","","","","","","","","","","","","","1969/12/31 21:00:00","","","","","","","","CABEZA"
"0241","032 010006500241","","","","","","","","","","","","","","","--.--","","","","","","","","","","","","","","","","","","","","Nueva etiqu.:0241","2025/10/09 11:29:26","09 Oct 2025 - TACTO OTONO 25 PPD SANGRE","2025/10/09 11:29:26","09 Oct 2025 - TACTO OTONO 25 PPD SANGRE","2025/10/09 11:29:24","","","","","","","","","","","","","","","","1969/12/31 21:00:00","","","","","","","","CABEZA"
"0242","032 010006500242","","","","","","","","","","","","","","","--.--","","","","","","","","","","","","","","","","","","","","Nueva etiqu.:0242","2025/10/09 11:30:37","09 Oct 2025 - TACTO OTONO 25 PPD SANGRE","2025/10/09 11:30:37","09 Oct 2025 - TACTO OTONO 25 PPD SANGRE","2025/10/09 11:30:34","","","","","","","","","","","","","","","","1969/12/31 21:00:00","","","","","","","","CABEZA"
"0243","032 010006500243","","","","","","","","","","","","","","","--.--","","","","","","","","","","","","","","","","","","","","Nueva etiqu.:0243","2025/10/09 11:31:49","09 Oct 2025 - TACTO OTONO 25 PPD SANGRE","2025/10/09 11:31:49","09 Oct 2025 - TACTO OTONO 25 PPD SANGRE","2025/10/09 11:31:47","","","","","","","","","","","","","","","","1969/12/31 21:00:00","","","","","","","","CABEZA"
"0244","032 010006500244","","","","","","","","","","","","","","","--.--","","","","","","","","","","","","","","","","","","","","Nueva etiqu.:0244","2025/10/09 11:32:43","09 Oct 2025 - TACTO OTONO 25 PPD SANGRE","2025/10/09 11:32:43","09 Oct 2025 - TACTO OTONO 25 PPD SANGRE","2025/10/09 11:32:41","","","","","","","","","","","","","","","","1969/12/31 21:00:00","","","","","","","","CABEZA"
"0245","032 010006500245","","","","","","","","","","","","","","","--.--","","","","","","","","","","","","","","","","","","","","Nueva etiqu.:0245","2025/10/09 11:33:35","09 Oct 2025 - TACTO OTONO 25 PPD SANGRE","2025/10/09 11:33:35","09 Oct 2025 - TACTO OTONO 25 PPD SANGRE","2025/10/09 11:33:33","","","","","","","","","","","","","","","","1969/12/31 21:00:00","","","","","","","","CABEZA"
"0246","032 010006500246","","","","","","","","","","","","","","","--.--","","","","","","","","","","","","","","","","","","","","Nueva etiqu.:0246","2025/10/09 11:34:53","09 Oct 2025 - TACTO OTONO 25 PPD SANGRE","2025/10/09 11:34:53","09 Oct 2025 - TACTO OTONO 25 PPD SANGRE","2025/10/09 11:34:50","","","","","","","","","","","","","","","","1969/12/31 21:00:00","","","","","","","","CABEZA"
"0247","032 010006500247","","","","","","","","","","","","","","","--.--","","","","","","","","","","","","","","","","","","","","Nueva etiqu.:0247","2025/10/09 11:35:58","09 Oct 2025 - TACTO OTONO 25 PPD SANGRE","2025/10/09 11:35:58","09 Oct 2025 - TACTO OTONO 25 PPD SANGRE","2025/10/09 11:35:56","","","","","","","","","","","","","","","","1969/12/31 21:00:00","","","","","","","","CABEZA"
"0248","032 010006500248","","","","","","","","","","","","","","","--.--","","","","","","","","","","","","","","","","","","","","Nueva etiqu.:0248","2025/10/09 11:36:51","09 Oct 2025 - TACTO OTONO 25 PPD SANGRE","2025/10/09 11:36:51","09 Oct 2025 - TACTO OTONO 25 PPD SANGRE","2025/10/09 11:36:48","","","","","","","","","","","","","","","","1969/12/31 21:00:00","","","","","","","","CABEZA"
"0249","032 010006500249","","","","","","","","","","","","","","","--.--","","","","","","","","","","","","","","","","","","","","Nueva etiqu.:0249","2025/10/09 11:38:13","09 Oct 2025 - TACTO OTONO 25 PPD SANGRE","2025/10/09 11:38:13","09 Oct 2025 - TACTO OTONO 25 PPD SANGRE","2025/10/09 11:38:11","","","","","","","","","","","","","","","","1969/12/31 21:00:00","","","","","","","","VACIA"
"1864","032 010006501864","","","","","","","","","","","","","","","--.--","","","","","","","","","","","","","","","","","","","","Nueva etiqu.:1864","2025/10/09 11:41:47","09 Oct 2025 - TACTO OTONO 25 PPD SANGRE","2025/10/09 11:41:47","09 Oct 2025 - TACTO OTONO 25 PPD SANGRE","2025/10/09 11:40:59","","","","","","","","","","","","","","","","1969/12/31 21:00:00","","","","","","","","VACIA"
"1864","032 010006501864","","","","","","","","","","","","","","","--.--","","","","","","","","","","","","","","","","","","","","Etiq. anter.:0250","2025/10/09 11:41:46","09 Oct 2025 - TACTO OTONO 25 PPD SANGRE","2025/10/09 11:41:46","","","","","","","","","","","","","","","","","","1969/12/31 21:00:00","","","","","","","","VACIA"
"1864","032 010006501864","","","","","","","","","","","","","","","--.--","","","","","","","","","","","","","","","","","","","","Nueva etiqu.:0250","2025/10/09 11:41:02","09 Oct 2025 - TACTO OTONO 25 PPD SANGRE","2025/10/09 11:41:02","","","","","","","","","","","","","","","","","","1969/12/31 21:00:00","","","","","","","","VACIA"
"1865","032 010006501865","","","","","","","","","","","","","","","--.--","","","","","","","","","","","","","","","","","","","","Nueva etiqu.:1865","2025/10/09 11:42:34","09 Oct 2025 - TACTO OTONO 25 PPD SANGRE","2025/10/09 11:42:34","09 Oct 2025 - TACTO OTONO 25 PPD SANGRE","2025/10/09 11:42:32","","","","","","","","","","","","","","","","1969/12/31 21:00:00","","","","","","","","CABEZA"
"1866","032 010006501866","","","","","","","","","","","","","","","--.--","","","","","","","","","","","","","","","","","","","","Nueva etiqu.:1866","2025/10/09 11:43:22","09 Oct 2025 - TACTO OTONO 25 PPD SANGRE","2025/10/09 11:43:22","09 Oct 2025 - TACTO OTONO 25 PPD SANGRE","2025/10/09 11:43:19","","","","","","","","","","","","","","","","1969/12/31 21:00:00","","","","","","","","CABEZA"
"1867","032 010006501867","","","","","","","","","","","","","","","--.--","","","","","","","","","","","","","","","","","","","","Nueva etiqu.:1867","2025/10/09 11:44:15","09 Oct 2025 - TACTO OTONO 25 PPD SANGRE","2025/10/09 11:44:15","09 Oct 2025 - TACTO OTONO 25 PPD SANGRE","2025/10/09 11:44:11","","","","","","","","","","","","","","","","1969/12/31 21:00:00","","","","","","","","CABEZA"
"1868","032 010006501868","","","","","","","","","","","","","","","--.--","","","","","","","","","","","","","","","","","","","","Nueva etiqu.:1868","2025/10/09 11:48:52","09 Oct 2025 - TACTO OTONO 25 PPD SANGRE","2025/10/09 11:48:52","09 Oct 2025 - TACTO OTONO 25 PPD SANGRE","2025/10/09 11:48:49","","","","","","","","","","","","","","","","1969/12/31 21:00:00","","","","","","","","CABEZA"
"1869","032 010006501869","","","","","","","","","","","","","","","--.--","","","","","","","","","","","","","","","","","","","","Nueva etiqu.:1869","2025/10/09 11:50:37","09 Oct 2025 - TACTO OTONO 25 PPD SANGRE","2025/10/09 11:50:37","09 Oct 2025 - TACTO OTONO 25 PPD SANGRE","2025/10/09 11:50:34","","","","","","","","","","","","","","","","1969/12/31 21:00:00","","","","","","","","VACIA"
