VID,EID,Date,Time,Draft,Notes,Live Weight (kg),Average Daily Gain (kg/d),Overall Daily Gain (kg/d),ATOSA.CLOST.REPRO.CO,Condition,edad,GESTACION,Status
1404,032 010006501404,2025-04-29,08:05:04,,Nueva etiqu.:1404,,,,Yes,4,4d,CABEZA,
1401,032 010006501401,2025-04-29,08:01:54,,Nueva etiqu.:1401,,,,Yes,4,4d,CABEZA,
1402,032 010006501402,2025-04-29,08:02:52,,Nueva etiqu.:1402,,,,Yes,4,4d,CABEZA,
1405,032 010006501405,2025-04-29,08:06:01,,Nueva etiqu.:1405,,,,Yes,4,4d,CABEZA,
1406,032 010006501406,2025-04-29,08:06:38,,Nueva etiqu.:1406,,,,Yes,4,4d,CABEZA,
1407,032 010006501407,2025-04-29,08:10:23,,Nueva etiqu.:1407,,,,Yes,4,4d,CABEZA,
1408,032 010006501408,2025-04-29,08:11:00,,Nueva etiqu.:1408,,,,Yes,4,4d,CABEZA,
1409,032 010006501409,2025-04-29,08:14:30,,Nueva etiqu.:1409,,,,Yes,4,4d,CABEZA,
1410,032 010006501410,2025-04-29,08:16:47,,Nueva etiqu.:1410,,,,Yes,4,4d,CABEZA,
1415,032 010006501415,2025-04-29,08:20:59,,Nueva etiqu.:1415,,,,Yes,4,4d,CABEZA,
1418,032 010006501418,2025-04-29,08:22:29,,Nueva etiqu.:1418,,,,Yes,4,4d,CABEZA,
1420,032 010006501420,2025-04-29,08:25:02,,Nueva etiqu.:1420,,,,Yes,4,4d,CABEZA,
1428,032 010006501428,2025-04-29,08:35:46,,Nueva etiqu.:1428,,,,Yes,4,4d,CABEZA,
1429,032 010006501429,2025-04-29,08:36:53,,Nueva etiqu.:1429,,,,Yes,4,4d,CABEZA,
1431,032 010006501431,2025-04-29,08:40:09,,Nueva etiqu.:1431,,,,Yes,4,4d,CABEZA,
1433,032 010006501433,2025-04-29,08:41:48,,Nueva etiqu.:1433,,,,Yes,4,4d,CABEZA,
1434,032 010006501434,2025-04-29,08:42:27,,Nueva etiqu.:1434,,,,Yes,4,4d,CABEZA,
1435,032 010006501435,2025-04-29,08:42:41,,Nueva etiqu.:1435,,,,Yes,4,4d,CABEZA,
1438,032 010006501438,2025-04-29,08:46:00,,Nueva etiqu.:1438,,,,Yes,4,4d,CABEZA,
1440,032 010006501440,2025-04-29,08:48:59,,Nueva etiqu.:1440,,,,Yes,4,4d,CABEZA,
1444,032 010006501444,2025-04-29,08:55:43,,Nueva etiqu.:1444,,,,Yes,4,4d,CABEZA,
1447,032 010006501447,2025-04-29,08:57:34,,Nueva etiqu.:1447,,,,Yes,4,MD,CABEZA,
1448,032 010006501448,2025-04-29,08:58:14,,Nueva etiqu.:1448,,,,Yes,4,4d,CABEZA,
1449,032 010006501449,2025-04-29,08:59:53,,Nueva etiqu.:1449,,,,Yes,4,4d,CABEZA,
1451,032 010006501451,2025-04-29,09:01:18,,Nueva etiqu.:1451,,,,Yes,4,4d,CABEZA,
1452,032 010006501452,2025-04-29,09:01:55,,Nueva etiqu.:1452,,,,Yes,4,4d,CABEZA,
1453,032 010006501453,2025-04-29,09:02:33,,Nueva etiqu.:1453,,,,Yes,4,4d,CABEZA,
1455,032 010006501455,2025-04-29,09:03:36,,Nueva etiqu.:1455,,,,Yes,4,4d,CABEZA,
1457,032 010006501457,2025-04-29,09:06:24,,Nueva etiqu.:1457,,,,Yes,4,4d,CABEZA,
1458,032 010006501458,2025-04-29,09:07:01,,Nueva etiqu.:1458,,,,Yes,4,4d,CABEZA,
1459,032 010006501459,2025-04-29,09:07:31,,Nueva etiqu.:1459,,,,Yes,4,4d,CABEZA,
1462,032 010006501462,2025-04-29,09:14:29,,Nueva etiqu.:1462,,,,Yes,4,4d,CABEZA,
1463,032 010006501463,2025-04-29,09:14:58,,Nueva etiqu.:1463,,,,Yes,4,4d,CABEZA,
1464,032 010006501464,2025-04-29,09:15:24,,Nueva etiqu.:1464,,,,Yes,4,4d,CABEZA,
1465,032 010006501465,2025-04-29,09:16:33,,Nueva etiqu.:1465,,,,Yes,4,4d,CABEZA,
1468,032 010006501468,2025-04-29,09:21:21,,Nueva etiqu.:1468,,,,Yes,4,4d,CABEZA,
1469,032 010006501469,2025-04-29,09:22:16,,Nueva etiqu.:1469,,,,Yes,4,4d,CABEZA,
1471,032 010006501471,2025-04-29,09:23:19,,Nueva etiqu.:1471,,,,Yes,4,4d,CABEZA,
1474,032 010006501474,2025-04-29,09:27:51,,Nueva etiqu.:1474,,,,Yes,4,4d,CABEZA,
1475,032 010006501475,2025-04-29,09:28:51,,Nueva etiqu.:1475,,,,Yes,4,4d,CABEZA,
1477,032 010006501477,2025-04-29,09:30:02,,Nueva etiqu.:1477,,,,Yes,4,4d,CABEZA,
1479,032 010006501479,2025-04-29,09:31:27,,Nueva etiqu.:1479,,,,Yes,5,MD,CABEZA,
1489,032 010006501489,2025-04-29,09:46:58,,Nueva etiqu.:1489,,,,Yes,4,4d,CABEZA,
1490,032 010006501490,2025-04-29,09:47:31,,Nueva etiqu.:1490,,,,Yes,4,4d,CABEZA,
1492,032 010006501492,2025-04-29,09:54:42,,Nueva etiqu.:1492,,,,Yes,4,4d,CABEZA,
1493,032 010006501493,2025-04-29,09:55:27,,Nueva etiqu.:1493,,,,Yes,4,2d,CABEZA,
1494,032 010006501494,2025-04-29,09:56:02,,Nueva etiqu.:1494,,,,Yes,4,4d,CABEZA,
1495,032 010006501495,2025-04-29,09:57:03,,Nueva etiqu.:1495,,,,Yes,4,2d,CABEZA,
1496,032 010006501496,2025-04-29,09:58:18,,Nueva etiqu.:1496,,,,Yes,4,6d,CABEZA,
1500,032 010006501500,2025-04-29,10:04:33,,Nueva etiqu.:1500,,,,Yes,4,4d,CABEZA,
1503,032 010006501503,2025-04-29,10:08:59,,Nueva etiqu.:1503,,,,Yes,4,4d,CABEZA,
1506,032 010006501506,2025-04-29,10:15:34,,Nueva etiqu.:1506,,,,Yes,4,4d,CABEZA,
1509,032 010006501509,2025-04-29,10:26:48,,Nueva etiqu.:1509,,,,Yes,4,4d,CABEZA,
1511,032 010006501511,2025-04-29,10:28:51,,Nueva etiqu.:1511,,,,Yes,4,4d,CABEZA,
1513,032 010006501513,2025-04-29,10:29:45,,Nueva etiqu.:1513,,,,Yes,4,4d,CABEZA,
1516,032 010006501516,2025-04-29,10:33:25,,Nueva etiqu.:1516,,,,Yes,4,bll,CABEZA,
1517,032 010006501517,2025-04-29,10:35:10,,Nueva etiqu.:1517,,,,Yes,4,4d,CABEZA,
1518,032 010006501518,2025-04-29,10:37:09,,Nueva etiqu.:1518,,,,Yes,3,4d,CABEZA,
1520,032 010006501520,2025-04-29,10:38:39,,Nueva etiqu.:1520,,,,Yes,5,bll,CABEZA,
1521,032 010006501521,2025-04-29,10:40:08,,Nueva etiqu.:1521,,,,Yes,4,4d,CABEZA,
1522,032 010006501522,2025-04-29,10:40:42,,Nueva etiqu.:1522,,,,Yes,4,2d,CABEZA,
1524,032 010006501524,2025-04-29,10:43:53,,Nueva etiqu.:1524,,,,Yes,4,4d,CABEZA,
1527,032 010006501527,2025-04-29,10:46:42,,Nueva etiqu.:1527,,,,Yes,4,4d,CABEZA,
1528,032 010006501528,2025-04-29,10:47:06,,Nueva etiqu.:1528,,,,Yes,4,4d,CABEZA,
1530,032 010006501530,2025-04-29,10:48:46,,Nueva etiqu.:1530,,,,Yes,4,6d,CABEZA,
1532,032 010006501532,2025-04-29,10:52:08,,Nueva etiqu.:1532,,,,Yes,4,4d,CABEZA,
1533,032 010006501533,2025-04-29,10:52:53,,Nueva etiqu.:1533,,,,Yes,4,4d,CABEZA,
1534,032 010006501534,2025-04-29,10:54:08,,Nueva etiqu.:1534,,,,Yes,4,4d,CABEZA,
1535,032 010006501535,2025-04-29,10:54:52,,Nueva etiqu.:1535,,,,Yes,4,2d,CABEZA,
1537,032 010006501537,2025-04-29,10:56:34,,Nueva etiqu.:1537,,,,Yes,4,4d,CABEZA,
1538,032 010006501538,2025-04-29,11:00:46,,Nueva etiqu.:1538,,,,Yes,4,4d,CABEZA,
1539,032 010006501539,2025-04-29,11:01:34,,Nueva etiqu.:1539,,,,Yes,5,4d,CABEZA,
1480,032 010006501480,2025-04-29,09:32:18,,Nueva etiqu.:1480,,,,Yes,3,4d,CABEZA,
1484,032 010006501484,2025-04-29,09:37:45,,Nueva etiqu.:1484,,,,Yes,3,4d,CABEZA,
1502,032 010006501502,2025-04-29,10:08:10,,Nueva etiqu.:1502,,,,Yes,4,4d,CABEZA,
1510,032 010006501510,2025-04-29,10:27:43,,Nueva etiqu.:1510,,,,Yes,3,1/4D,VACIA,
1485,032 010006501485,2025-04-29,09:38:23,,Nueva etiqu.:1485,,,,Yes,4,4d,CABEZA,
1487,032 010006501487,2025-04-29,09:43:41,,Nueva etiqu.:1487,,,,No,4,2d,VACIA,
1491,032 010006501491,2025-04-29,09:53:21,,Nueva etiqu.:1491,,,,Yes,4,2d,VACIA,
1501,032 010006501501,2025-04-29,10:05:21,,Nueva etiqu.:1501,,,,Yes,4,2d,VACIA,
1508,032 010006501508,2025-04-29,10:17:52,,Nueva etiqu.:1508,,,,Yes,4,MD,VACIA,
1507,032 010006501507,2025-04-29,10:16:09,,Nueva etiqu.:1507,,,,Yes,4,6d,VACIA,
1504,032 010006501504,2025-04-29,10:09:57,,Nueva etiqu.:1504,,,,Yes,3,CUT,CABEZA,
1400,032 010006501400,2025-04-29,08:00:51,,,,,,Yes,4,4d,CABEZA,
1403,032 010006501403,2025-04-29,08:03:37,,Nueva etiqu.:1403,,,,Yes,4,4d,CABEZA,
1411,032 010006501411,2025-04-29,08:17:27,,Nueva etiqu.:1411,,,,Yes,4,4d,CABEZA,
1412,032 010006501412,2025-04-29,08:17:50,,Nueva etiqu.:1412,,,,Yes,4,4d,CABEZA,
1413,032 010006501413,2025-04-29,08:18:23,,Nueva etiqu.:1413,,,,Yes,4,4d,CABEZA,
1414,032 010006501414,2025-04-29,08:20:18,,Nueva etiqu.:1414,,,,Yes,4,4d,CABEZA,
1416,032 010006501416,2025-04-29,08:21:39,,Nueva etiqu.:1416,,,,Yes,4,4d,CABEZA,
1417,032 010006501417,2025-04-29,08:22:05,,Nueva etiqu.:1417,,,,Yes,4,4d,CABEZA,
1419,032 010006501419,2025-04-29,08:23:06,,Nueva etiqu.:1419,,,,Yes,4,4d,CABEZA,
1421,032 010006501421,2025-04-29,08:25:45,,Nueva etiqu.:1421,,,,Yes,4,4d,CABEZA,
1422,032 010006501422,2025-04-29,08:26:22,,Nueva etiqu.:1422,,,,Yes,4,4d,CABEZA,
1423,032 010006501423,2025-04-29,08:31:56,,Nueva etiqu.:1423,,,,Yes,4,4d,CABEZA,
1424,032 010006501424,2025-04-29,08:32:48,,Nueva etiqu.:1424,,,,Yes,4,4d,CABEZA,
1425,032 010006501425,2025-04-29,08:33:13,,Nueva etiqu.:1425,,,,Yes,4,4d,CABEZA,
1426,032 010006501426,2025-04-29,08:34:05,,Nueva etiqu.:1426,,,,Yes,4,4d,CABEZA,
1427,032 010006501427,2025-04-29,08:35:11,,Nueva etiqu.:1427,,,,Yes,4,4d,CABEZA,
1430,032 010006501430,2025-04-29,08:37:21,,Nueva etiqu.:1430,,,,Yes,4,4d,CABEZA,
1432,032 010006501432,2025-04-29,08:41:15,,Nueva etiqu.:1432,,,,Yes,4,4d,CABEZA,
1436,032 010006501436,2025-04-29,08:43:27,,Nueva etiqu.:1436,,,,Yes,4,4d,CABEZA,
1437,032 010006501437,2025-04-29,08:44:03,,Nueva etiqu.:1437,,,,Yes,4,4d,CABEZA,
1439,032 010006501439,2025-04-29,08:46:24,,Nueva etiqu.:1439,,,,Yes,4,4d,CABEZA,
1441,032 010006501441,2025-04-29,08:49:27,,Nueva etiqu.:1441,,,,Yes,4,4d,CABEZA,
1442,032 010006501442,2025-04-29,08:50:23,,Nueva etiqu.:1442,,,,Yes,4,4d,CABEZA,
1443,032 010006501443,2025-04-29,08:50:34,,Nueva etiqu.:1443,,,,Yes,4,4d,CABEZA,
1445,032 010006501445,2025-04-29,08:56:09,,Nueva etiqu.:1445,,,,Yes,4,4d,CABEZA,
1446,032 010006501446,2025-04-29,08:56:50,,Nueva etiqu.:1446,,,,Yes,4,4d,CABEZA,
1450,032 010006501450,2025-04-29,09:00:52,,Nueva etiqu.:1450,,,,Yes,4,4d,CABEZA,
1454,032 010006501454,2025-04-29,09:03:06,,Nueva etiqu.:1454,,,,Yes,4,4d,CABEZA,
1456,032 010006501456,2025-04-29,09:05:31,,Nueva etiqu.:1456,,,,Yes,4,4d,CABEZA,
1460,032 010006501460,2025-04-29,09:12:52,,Nueva etiqu.:1460,,,,Yes,4,4d,CABEZA,
1461,032 010006501461,2025-04-29,09:13:34,,Nueva etiqu.:1461,,,,Yes,4,4d,CABEZA,
1466,032 010006501466,2025-04-29,09:17:09,,Nueva etiqu.:1466,,,,Yes,4,4d,CABEZA,
1467,032 010006501467,2025-04-29,09:18:30,,Nueva etiqu.:1467,,,,Yes,4,4d,CABEZA,
1470,032 010006501470,2025-04-29,09:22:46,,Nueva etiqu.:1470,,,,Yes,4,4d,CABEZA,
1472,032 010006501472,2025-04-29,09:23:55,,Nueva etiqu.:1472,,,,Yes,5,4d,CABEZA,
1473,032 010006501473,2025-04-29,09:24:57,,Nueva etiqu.:1473,,,,Yes,4,4d,cuerpo,
1476,032 010006501476,2025-04-29,09:29:17,,Nueva etiqu.:1476,,,,Yes,4,4d,CABEZA,
1478,032 010006501478,2025-04-29,09:30:40,,Nueva etiqu.:1478,,,,Yes,5,4d,CABEZA,
1481,032 010006501481,2025-04-29,09:36:30,,Nueva etiqu.:1481,,,,Yes,4,4d,CABEZA,
1482,032 010006501482,2025-04-29,09:36:44,,Nueva etiqu.:1482,,,,Yes,4,4d,CABEZA,
1483,032 010006501483,2025-04-29,09:37:07,,Nueva etiqu.:1483,,,,Yes,4,4d,CABEZA,
1486,032 010006501486,2025-04-29,09:42:07,,Nueva etiqu.:1486,,,,Yes,4,4d,CABEZA,
1488,032 010006501488,2025-04-29,09:46:22,,Nueva etiqu.:1488,,,,Yes,4,4d,CABEZA,
1497,032 010006501497,2025-04-29,09:59:21,,Nueva etiqu.:1497,,,,Yes,4,4d,CABEZA,
1498,032 010006501498,2025-04-29,10:02:52,,Nueva etiqu.:1498,,,,Yes,4,4d,CABEZA,
1499,032 010006501499,2025-04-29,10:03:29,,Nueva etiqu.:1499,,,,Yes,4,2d,CABEZA,
1505,032 010006501505,2025-04-29,10:14:44,,Nueva etiqu.:1505,,,,Yes,4,4d,CABEZA,
1512,032 010006501512,2025-04-29,10:29:13,,Nueva etiqu.:1512,,,,Yes,4,4d,CABEZA,
1514,032 010006501514,2025-04-29,10:30:50,,Nueva etiqu.:1514,,,,Yes,4,6d,CABEZA,
1515,032 010006501515,2025-04-29,10:32:26,,Nueva etiqu.:1515,,,,Yes,4,bll,CABEZA,
1519,032 010006501519,2025-04-29,10:37:53,,Nueva etiqu.:1519,,,,Yes,4,4d,CABEZA,
1523,032 010006501523,2025-04-29,10:42:30,,Nueva etiqu.:1523,,,,Yes,4,4d,CABEZA,
1525,032 010006501525,2025-04-29,10:45:14,,Nueva etiqu.:1525,,,,Yes,4,4d,CABEZA,
1526,032 010006501526,2025-04-29,10:45:54,,Nueva etiqu.:1526,,,,Yes,4,4d,CABEZA,
1529,032 010006501529,2025-04-29,10:47:52,,Nueva etiqu.:1529,,,,Yes,4,4d,CABEZA,
1531,032 010006501531,2025-04-29,10:50:59,,Nueva etiqu.:1531,,,,Yes,4,4d,CABEZA,
1536,032 010006501536,2025-04-29,10:55:25,,Nueva etiqu.:1536,,,,Yes,4,6d,CABEZA,
1540,032 010006501540,2025-04-29,11:02:06,,Nueva etiqu.:1540,,,,Yes,4,2d,CABEZA,
1541,032 010006501541,2025-04-29,11:02:55,,Nueva etiqu.:1541,,,,Yes,4,4d,CABEZA,

 ,Total Head,142
 ,Total Weight,--.--
 ,Average Weight,--.--
 ,Minimum Weight,--.--
 ,Maximum Weight,--.--
 ,ADG,--.--
