VID,EID,Date,Time,Draft,Notes,Live Weight (kg),Average Daily Gain (kg/d),Overall Daily Gain (kg/d),ATOSA.CLOST.REPRO.CO,Condition,Dam Vid,Dam Eid,edad,GESTACION,Status
1598,032 010006501598,2025-05-02,08:44:58,,Nueva etiqu.:1598,,,,Yes,3,,,1/4D,VACIA,
1599,032 010006501599,2025-05-02,08:47:01,,Nueva etiqu.:1599,,,,Yes,3,,,1/4D,VACIA,
1602,032 010006501602,2025-05-02,08:50:02,,Nueva etiqu.:1602,,,,Yes,4,,,CUT,CABEZA,
1608,032 010006501608,2025-05-02,08:57:17,,Nueva etiqu.:1608,,,,Yes,4,,,1/4D,VACIA,
1612,032 010006501612,2025-05-02,09:03:11,,Nueva etiqu.:1612,,,,Yes,3,,,1/4D,VACIA,
1636,032 010006501636,2025-05-02,09:39:10,,Nueva etiqu.:1636,,,,Yes,3,,,1/4D,VACIA,
1651,032 010006501651,2025-05-02,09:59:00,,Nueva etiqu.:1651,,,,Yes,3,,,6d,VACIA,
1659,032 010006501659,2025-05-02,10:10:44,,Nueva etiqu.:1659,,,,Yes,3,,,CUT,cuerpo,
1665,032 010006501665,2025-05-02,10:20:41,,Nueva etiqu.:1665,,,,Yes,3,,,6d,VACIA,
1681,032 010006501681,2025-05-02,10:52:09,,Nueva etiqu.:1681,,,,Yes,3,,,6d,VACIA,
1684,032 010006501684,2025-05-02,10:56:50,,Nueva etiqu.:1684,,,,Yes,3,,,1/4D,VACIA,
1690,032 010006501690,2025-05-02,11:04:47,,Nueva etiqu.:1690,,,,Yes,3,,,1/4D,VACIA,
1710,032 010006501710,2025-05-02,11:29:25,,Nueva etiqu.:1710,,,,Yes,3,,,CUT,cuerpo,
1712,032 010006501712,2025-05-02,11:31:18,,Nueva etiqu.:1712,,,,Yes,3,,,CUT,CABEZA,
1715,032 010006501715,2025-05-02,11:35:49,,Nueva etiqu.:1715,,,,Yes,3,,,1/4D,VACIA,
1725,032 010006501725,2025-05-02,11:45:10,,Nueva etiqu.:1725,,,,Yes,4,,,MD,CABEZA,
1733,032 010006501733,2025-05-02,11:54:43,,Nueva etiqu.:1733,,,,Yes,3,,,1/4D,VACIA,
1737,032 010006501737,2025-05-02,12:02:29,,Nueva etiqu.:1737,,,,Yes,4,,,1/4D,VACIA,
1745,032 010006501745,2025-05-02,12:11:43,,Nueva etiqu.:1745,,,,Yes,3,,,1/4D,VACIA,
1748,032 010006501748,2025-05-02,12:18:02,,Nueva etiqu.:1748,,,,Yes,1,,,bll,VACIA,
1764,032 010006501764,2025-05-02,12:40:20,,Nueva etiqu.:1764,,,,Yes,3,,,1/4D,VACIA,
1770,032 010006501770,2025-05-02,12:48:56,,Nueva etiqu.:1770,,,,Yes,2,,,bll,VACIA,
1785,032 010006501785,2025-05-02,13:05:23,,Nueva etiqu.:1785,,,,Yes,3,,,1/4D,VACIA,
1799,032 010006501799,2025-05-02,13:23:47,,Nueva etiqu.:1799,,,,Yes,3,,,1/4D,VACIA,
1809,032 010006501809,2025-05-02,13:35:21,,Nueva etiqu.:1809,,,,Yes,3,,,CUT,CABEZA,
1816,032 010006501816,2025-05-02,13:45:20,,Nueva etiqu.:1816,,,,Yes,4,,,1/4D,VACIA,
1543,032 010006501543,2025-05-02,07:34:22,,Nueva etiqu.:1543,,,,Yes,3,,,bll,CABEZA,
1544,032 010006501544,2025-05-02,07:35:45,,Nueva etiqu.:1544,,,,Yes,3,,,1/4D,cuerpo,
1546,032 010006501546,2025-05-02,07:37:23,,Nueva etiqu.:1546,,,,Yes,3,,,1/4D,CABEZA,
1547,032 010006501547,2025-05-02,07:38:26,,Nueva etiqu.:1547,,,,Yes,4,,,bll,CABEZA,
1549,032 010006501549,2025-05-02,07:41:32,,Nueva etiqu.:1549,,,,Yes,4,,,bll,CABEZA,
1550,032 010006501550,2025-05-02,07:42:26,,Nueva etiqu.:1550,,,,Yes,3,,,bll,cuerpo,
1551,032 010006501551,2025-05-02,07:43:38,,Nueva etiqu.:1551,,,,Yes,4,,,MD,CABEZA,
1552,032 010006501552,2025-05-02,07:44:10,,Nueva etiqu.:1552,,,,Yes,4,,,bll,CABEZA,
1554,032 010006501554,2025-05-02,07:47:45,,Nueva etiqu.:1554,,,,Yes,4,,,bll,CABEZA,
1555,032 010006501555,2025-05-02,07:49:21,,Nueva etiqu.:1555,,,,Yes,4,,,bll,CABEZA,
1556,032 010006501556,2025-05-02,07:49:52,,Nueva etiqu.:1556,,,,Yes,4,,,bll,CABEZA,
1557,032 010006501557,2025-05-02,07:50:45,,Nueva etiqu.:1557,,,,Yes,4,,,bll,CABEZA,
1558,032 010006501558,2025-05-02,07:51:25,,Nueva etiqu.:1558,,,,Yes,4,,,bll,CABEZA,
1559,032 010006501559,2025-05-02,07:52:07,,Nueva etiqu.:1559,,,,Yes,4,,,bll,CABEZA,
1560,032 010006501560,2025-05-02,07:54:06,,Nueva etiqu.:1560,,,,Yes,4,,,MD,CABEZA,
1561,032 010006501561,2025-05-02,07:54:53,,Nueva etiqu.:1561,,,,Yes,4,,,MD,CABEZA,
1563,032 010006501563,2025-05-02,07:56:05,,Nueva etiqu.:1563,,,,Yes,4,,,MD,CABEZA,
1565,032 010006501565,2025-05-02,08:03:15,,Nueva etiqu.:1565,,,,Yes,3,,,MD,CABEZA,
1566,032 010006501566,2025-05-02,08:05:13,,Nueva etiqu.:1566,,,,Yes,3,,,MD,cuerpo,
1567,032 010006501567,2025-05-02,08:05:41,,Nueva etiqu.:1567,,,,Yes,3,,,1/4D,cuerpo,
1568,032 010006501568,2025-05-02,08:06:35,,Nueva etiqu.:1568,,,,Yes,4,,,bll,CABEZA,
1571,032 010006501571,2025-05-02,08:09:50,,Nueva etiqu.:1571,,,,Yes,3,,,MD,cuerpo,
1572,032 010006501572,2025-05-02,08:10:48,,Nueva etiqu.:1572,,,,Yes,3,,,bll,CABEZA,
1575,032 010006501575,2025-05-02,08:13:59,,Nueva etiqu.:1575,,,,Yes,3,,,bll,CABEZA,
1577,032 010006501577,2025-05-02,08:19:05,,Nueva etiqu.:1577,,,,Yes,4,,,MD,CABEZA,
1578,032 010006501578,2025-05-02,08:20:34,,Nueva etiqu.:1578,,,,Yes,4,,,bll,CABEZA,
1579,032 010006501579,2025-05-02,08:21:06,,Nueva etiqu.:1579,,,,Yes,4,,,bll,CABEZA,
1581,032 010006501581,2025-05-02,08:22:50,,Nueva etiqu.:1581,,,,Yes,4,,,bll,CABEZA,
1582,032 010006501582,2025-05-02,08:23:31,,Nueva etiqu.:1582,,,,Yes,4,,,bll,CABEZA,
1583,032 010006501583,2025-05-02,08:26:12,,Nueva etiqu.:1583,,,,Yes,3,,,MD,cuerpo,
1585,032 010006501585,2025-05-02,08:27:27,,Nueva etiqu.:1585,,,,Yes,4,,,bll,CABEZA,
1587,032 010006501587,2025-05-02,08:29:11,,Nueva etiqu.:1587,,,,Yes,4,,,MD,CABEZA,
1588,032 010006501588,2025-05-02,08:30:13,,Nueva etiqu.:1588,,,,Yes,4,,,MD,CABEZA,
1589,032 010006501589,2025-05-02,08:33:11,,Nueva etiqu.:1589,,,,Yes,4,,,bll,CABEZA,
1591,032 010006501591,2025-05-02,08:35:09,,Nueva etiqu.:1591,,,,Yes,4,,,bll,cuerpo,
1592,032 010006501592,2025-05-02,08:35:36,,Nueva etiqu.:1592,,,,Yes,4,,,MD,CABEZA,
1593,032 010006501593,2025-05-02,08:36:08,,Nueva etiqu.:1593,,,,Yes,4,,,6d,CABEZA,
1594,032 010006501594,2025-05-02,08:36:54,,Nueva etiqu.:1594,,,,Yes,4,,,bll,CABEZA,
1595,032 010006501595,2025-05-02,08:38:05,,Nueva etiqu.:1595,,,,Yes,4,,,bll,CABEZA,
1596,032 010006501596,2025-05-02,08:39:58,,Nueva etiqu.:1596,,,,Yes,3,,,MD,cuerpo,
1600,032 010006501600,2025-05-02,08:47:43,,Nueva etiqu.:1600,,,,Yes,4,,,bll,CABEZA,
1601,032 010006501601,2025-05-02,08:48:49,,Nueva etiqu.:1601,,,,Yes,4,,,1/4D,CABEZA,
1603,032 010006501603,2025-05-02,08:52:40,,Nueva etiqu.:1603,,,,Yes,4,,,bll,CABEZA,
1604,032 010006501604,2025-05-02,08:53:30,,Nueva etiqu.:1604,,,,Yes,4,,,MD,CABEZA,
1607,032 010006501607,2025-05-02,08:55:48,,Nueva etiqu.:1607,,,,Yes,4,,,bll,CABEZA,
1609,032 010006501609,2025-05-02,09:00:04,,Nueva etiqu.:1609,,,,Yes,4,,,MD,CABEZA,
1610,032 010006501610,2025-05-02,09:00:56,,Nueva etiqu.:1610,,,,Yes,3,,,bll,cuerpo,
1613,032 010006501613,2025-05-02,09:05:34,,Nueva etiqu.:1613,,,,Yes,4,,,bll,CABEZA,
1614,032 010006501614,2025-05-02,09:06:02,,Nueva etiqu.:1614,,,,Yes,4,,,bll,CABEZA,
1615,032 010006501615,2025-05-02,09:08:27,,Nueva etiqu.:1615,,,,Yes,4,,,bll,CABEZA,
1616,032 010006501616,2025-05-02,09:08:56,,Nueva etiqu.:1616,,,,Yes,4,,,MD,CABEZA,
1617,032 010006501617,2025-05-02,09:09:36,,Nueva etiqu.:1617,,,,Yes,4,,,bll,CABEZA,
1618,032 010006501618,2025-05-02,09:10:30,,Nueva etiqu.:1618,,,,Yes,3,,,bll,CABEZA,
1619,032 010006501619,2025-05-02,09:11:12,,Nueva etiqu.:1619,,,,Yes,4,,,bll,CABEZA,
1621,032 010006501621,2025-05-02,09:14:32,,Nueva etiqu.:1621,,,,Yes,4,,,bll,CABEZA,
1623,032 010006501623,2025-05-02,09:22:45,,Nueva etiqu.:1623,,,,Yes,4,,,MD,CABEZA,
1624,032 010006501624,2025-05-02,09:23:46,,Nueva etiqu.:1624,,,,Yes,4,,,MD,CABEZA,
1625,032 010006501625,2025-05-02,09:24:34,,Nueva etiqu.:1625,,,,Yes,4,,,MD,CABEZA,
1626,032 010006501626,2025-05-02,09:25:08,,Nueva etiqu.:1626,,,,Yes,4,,,bll,CABEZA,
1627,032 010006501627,2025-05-02,09:26:09,,Nueva etiqu.:1627,,,,Yes,4,,,MD,CABEZA,
1629,032 010006501629,2025-05-02,09:28:00,,Nueva etiqu.:1629,,,,Yes,4,,,bll,CABEZA,
1630,032 010006501630,2025-05-02,09:32:47,,Nueva etiqu.:1630,,,,Yes,4,,,MD,CABEZA,
1631,032 010006501631,2025-05-02,09:33:45,,Nueva etiqu.:1631,,,,Yes,4,,,1/4D,cuerpo,
1632,032 010006501632,2025-05-02,09:34:22,,Nueva etiqu.:1632,,,,Yes,4,,,6d,CABEZA,
1633,032 010006501633,2025-05-02,09:35:19,,Nueva etiqu.:1633,,,,Yes,3,,,MD,cuerpo,
1634,032 010006501634,2025-05-02,09:36:11,,Nueva etiqu.:1634,,,,Yes,4,,,bll,CABEZA,
1635,032 010006501635,2025-05-02,09:37:02,,Nueva etiqu.:1635,,,,Yes,4,,,bll,cuerpo,
1637,032 010006501637,2025-05-02,09:40:36,,Nueva etiqu.:1637,,,,Yes,4,,,bll,CABEZA,
1639,032 010006501639,2025-05-02,09:42:38,,Nueva etiqu.:1639,,,,Yes,4,,,6d,CABEZA,
1640,032 010006501640,2025-05-02,09:43:17,,Nueva etiqu.:1640,,,,Yes,4,,,bll,CABEZA,
1641,032 010006501641,2025-05-02,09:47:36,,Nueva etiqu.:1641,,,,Yes,3,,,MD,cuerpo,
1642,032 010006501642,2025-05-02,09:48:19,,Nueva etiqu.:1642,,,,Yes,4,,,bll,CABEZA,
1643,032 010006501643,2025-05-02,09:49:07,,Nueva etiqu.:1643,,,,Yes,4,,,MD,CABEZA,
1644,032 010006501644,2025-05-02,09:49:43,,Nueva etiqu.:1644,,,,Yes,3,,,bll,CABEZA,
1645,032 010006501645,2025-05-02,09:50:41,,Nueva etiqu.:1645,,,,Yes,3,,,bll,cuerpo,
1648,032 010006501648,2025-05-02,09:56:00,,Nueva etiqu.:1648,,,,Yes,4,,,bll,CABEZA,
1649,032 010006501649,2025-05-02,09:57:19,,Nueva etiqu.:1649,,,,Yes,4,,,1/4D,CABEZA,
1650,032 010006501650,2025-05-02,09:58:03,,Nueva etiqu.:1650,,,,Yes,4,,,bll,CABEZA,
1652,032 010006501652,2025-05-02,09:59:41,,Nueva etiqu.:1652,,,,Yes,4,,,MD,CABEZA,
1653,032 010006501653,2025-05-02,10:00:26,,Nueva etiqu.:1653,,,,Yes,4,,,MD,CABEZA,
1654,032 010006501654,2025-05-02,10:06:42,,Nueva etiqu.:1654,,,,Yes,4,,,MD,cuerpo,
1655,032 010006501655,2025-05-02,10:07:12,,Nueva etiqu.:1655,,,,Yes,4,,,bll,CABEZA,
1656,032 010006501656,2025-05-02,10:07:45,,Nueva etiqu.:1656,,,,Yes,4,,,MD,CABEZA,
1660,032 010006501660,2025-05-02,10:14:46,,Nueva etiqu.:1660,,,,Yes,4,,,MD,CABEZA,
1661,032 010006501661,2025-05-02,10:15:53,,Nueva etiqu.:1661,,,,Yes,4,,,bll,CABEZA,
1663,032 010006501663,2025-05-02,10:18:14,,Nueva etiqu.:1663,,,,Yes,4,,,1/4D,CABEZA,
1666,032 010006501666,2025-05-02,10:24:41,,Nueva etiqu.:1666,,,,Yes,4,,,MD,CABEZA,
1667,032 010006501667,2025-05-02,10:25:37,,Nueva etiqu.:1667,,,,Yes,4,,,bll,CABEZA,
1668,032 010006501668,2025-05-02,10:26:38,,Nueva etiqu.:1668,,,,Yes,4,,,2d,VACIA,
1669,032 010006501669,2025-05-02,10:27:55,,Nueva etiqu.:1669,,,,Yes,4,,,bll,CABEZA,
1670,032 010006501670,2025-05-02,10:28:58,,Nueva etiqu.:1670,,,,Yes,4,,,bll,CABEZA,
1671,032 010006501671,2025-05-02,10:29:51,,Nueva etiqu.:1671,,,,Yes,4,,,MD,CABEZA,
1672,032 010006501672,2025-05-02,10:32:25,,Nueva etiqu.:1672,,,,Yes,5,,,bll,CABEZA,
1673,032 010006501673,2025-05-02,10:33:45,,Nueva etiqu.:1673,,,,Yes,4,,,6d,CABEZA,
1674,032 010006501674,2025-05-02,10:34:15,,Nueva etiqu.:1674,,,,No,5,,,bll,CABEZA,
1675,032 010006501675,2025-05-02,10:34:56,,Nueva etiqu.:1675,,,,Yes,4,,,MD,CABEZA,
1676,032 010006501676,2025-05-02,10:48:08,,Nueva etiqu.:1676,,,,Yes,4,,,1/4D,CABEZA,
1677,032 010006501677,2025-05-02,10:48:35,,Nueva etiqu.:1677,,,,Yes,4,,,MD,cuerpo,
1678,032 010006501678,2025-05-02,10:49:09,,Nueva etiqu.:1678,,,,Yes,4,,,CUT,cuerpo,
1679,032 010006501679,2025-05-02,10:49:47,,Nueva etiqu.:1679,,,,Yes,4,,,MD,CABEZA,
1680,032 010006501680,2025-05-02,10:51:35,,Nueva etiqu.:1680,,,,Yes,4,,,1/4D,CABEZA,
1682,032 010006501682,2025-05-02,10:52:49,,Nueva etiqu.:1682,,,,Yes,4,,,bll,CABEZA,
1683,032 010006501683,2025-05-02,10:55:47,,Nueva etiqu.:1683,,,,No,4,,,bll,CABEZA,
1685,032 010006501685,2025-05-02,10:57:56,,Nueva etiqu.:1685,,,,Yes,4,,,1/4D,cuerpo,
1686,032 010006501686,2025-05-02,10:58:29,,Nueva etiqu.:1686,,,,Yes,4,,,bll,CABEZA,
1687,032 010006501687,2025-05-02,10:58:54,,Nueva etiqu.:1687,,,,Yes,4,,,MD,CABEZA,
1688,032 010006501688,2025-05-02,11:00:00,,Nueva etiqu.:1688,,,,Yes,4,,,MD,CABEZA,
1689,032 010006501689,2025-05-02,11:01:32,,Nueva etiqu.:1689,,,,Yes,4,,,bll,CABEZA,
1691,032 010006501691,2025-05-02,11:06:00,,Nueva etiqu.:1691,,,,Yes,4,,,bll,cuerpo,
1695,032 010006501695,2025-05-02,11:10:02,,Nueva etiqu.:1695,,,,Yes,4,,,MD,CABEZA,
1697,032 010006501697,2025-05-02,11:13:36,,Nueva etiqu.:1697,,,,Yes,3,,,6d,CABEZA,
1698,032 010006501698,2025-05-02,11:14:36,,Nueva etiqu.:1698,,,,Yes,4,,,bll,CABEZA,
1700,032 010006501700,2025-05-02,11:15:54,,Nueva etiqu.:1700,,,,Yes,4,,,bll,CABEZA,
1701,032 010006501701,2025-05-02,11:16:58,,Nueva etiqu.:1701,,,,Yes,3,,,bll,CABEZA,
1702,032 010006501702,2025-05-02,11:19:25,,Nueva etiqu.:1702,,,,Yes,4,,,bll,CABEZA,
1703,032 010006501703,2025-05-02,11:19:56,,Nueva etiqu.:1703,,,,Yes,3,,,bll,CABEZA,
1704,032 010006501704,2025-05-02,11:20:30,,Nueva etiqu.:1704,,,,Yes,4,,,bll,CABEZA,
1706,032 010006501706,2025-05-02,11:21:36,,Nueva etiqu.:1706,,,,Yes,4,,,bll,CABEZA,
1707,032 010006501707,2025-05-02,11:27:46,,Nueva etiqu.:1707,,,,Yes,4,,,bll,CABEZA,
1708,032 010006501708,2025-05-02,11:28:04,,Nueva etiqu.:1708,,,,Yes,3,,,1/4D,CABEZA,
1709,032 010006501709,2025-05-02,11:28:40,,Nueva etiqu.:1709,,,,Yes,4,,,MD,CABEZA,
1711,032 010006501711,2025-05-02,11:30:44,,Nueva etiqu.:1711,,,,Yes,4,,,bll,CABEZA,
1713,032 010006501713,2025-05-02,11:31:49,,Nueva etiqu.:1713,,,,Yes,4,,,bll,CABEZA,
1714,032 010006501714,2025-05-02,11:35:09,,Nueva etiqu.:1714,,,,Yes,4,,,bll,CABEZA,
1717,032 010006501717,2025-05-02,11:37:04,,Nueva etiqu.:1717,,,,Yes,4,,,bll,CABEZA,
1718,032 010006501718,2025-05-02,11:37:58,,Nueva etiqu.:1718,,,,Yes,4,,,bll,CABEZA,
1719,032 010006501719,2025-05-02,11:39:53,,Nueva etiqu.:1719,,,,Yes,3,,,MD,CABEZA,
1721,032 010006501721,2025-05-02,11:41:41,,Nueva etiqu.:1721,,,,Yes,4,,,MD,cuerpo,
1722,032 010006501722,2025-05-02,11:42:37,,Nueva etiqu.:1722,,,,Yes,4,,,bll,CABEZA,
1723,032 010006501723,2025-05-02,11:43:17,,Nueva etiqu.:1723,,,,Yes,4,,,bll,cuerpo,
1724,032 010006501724,2025-05-02,11:44:19,,Nueva etiqu.:1724,,,,Yes,4,,,6d,CABEZA,
1726,032 010006501726,2025-05-02,11:46:54,,Nueva etiqu.:1726,,,,Yes,3,,,bll,CABEZA,
1728,032 010006501728,2025-05-02,11:49:43,,Nueva etiqu.:1728,,,,Yes,4,,,MD,CABEZA,
1729,032 010006501729,2025-05-02,11:50:43,,Nueva etiqu.:1729,,,,Yes,4,,,bll,CABEZA,
1730,032 010006501730,2025-05-02,11:51:24,,Nueva etiqu.:1730,,,,Yes,3,,,1/4D,cuerpo,
1731,032 010006501731,2025-05-02,11:52:17,,Nueva etiqu.:1731,,,,Yes,4,,,bll,CABEZA,
1732,032 010006501732,2025-05-02,11:54:21,,Nueva etiqu.:1732,,,,Yes,4,,,MD,CABEZA,
1735,032 010006501735,2025-05-02,11:56:56,,Nueva etiqu.:1735,,,,Yes,4,,,bll,CABEZA,
1736,032 010006501736,2025-05-02,12:01:47,,Nueva etiqu.:1736,,,,Yes,4,,,6d,cuerpo,
1738,032 010006501738,2025-05-02,12:03:48,,Nueva etiqu.:1738,,,,Yes,4,,,bll,CABEZA,
1740,032 010006501740,2025-05-02,12:05:53,,Nueva etiqu.:1740,,,,Yes,4,,,bll,CABEZA,
1741,032 010006501741,2025-05-02,12:08:26,,Nueva etiqu.:1741,,,,Yes,3,,,bll,cuerpo,
1743,032 010006501743,2025-05-02,12:09:57,,Nueva etiqu.:1743,,,,Yes,3,,,1/4D,cuerpo,
1744,032 010006501744,2025-05-02,12:10:58,,Nueva etiqu.:1744,,,,Yes,4,,,MD,CABEZA,
1747,032 010006501747,2025-05-02,12:16:38,,Nueva etiqu.:1747,,,,Yes,4,,,1/4D,CABEZA,
1749,032 010006501749,2025-05-02,12:19:31,,Nueva etiqu.:1749,,,,Yes,4,,,bll,CABEZA,
1750,032 010006501750,2025-05-02,12:20:22,,Nueva etiqu.:1750,,,,Yes,4,,,MD,CABEZA,
1752,032 010006501752,2025-05-02,12:22:05,,Nueva etiqu.:1752,,,,Yes,3,,,6d,cuerpo,
1754,032 010006501754,2025-05-02,12:25:02,,Nueva etiqu.:1754,,,,Yes,3,,,MD,cuerpo,
1755,032 010006501755,2025-05-02,12:26:00,,Nueva etiqu.:1755,,,,Yes,4,,,MD,CABEZA,
1757,032 010006501757,2025-05-02,12:32:09,,Nueva etiqu.:1757,,,,Yes,4,,,6d,CABEZA,
1758,032 010006501758,2025-05-02,12:33:27,,Nueva etiqu.:1758,,,,Yes,4,,,MD,CABEZA,
1759,032 010006501759,2025-05-02,12:34:04,,Nueva etiqu.:1759,,,,Yes,4,,,bll,cuerpo,
1760,032 010006501760,2025-05-02,12:34:48,,Nueva etiqu.:1760,,,,Yes,4,,,bll,cuerpo,
1762,032 010006501762,2025-05-02,12:36:33,,Nueva etiqu.:1762,,,,Yes,4,,,MD,CABEZA,
1765,032 010006501765,2025-05-02,12:41:28,,Nueva etiqu.:1765,,,,Yes,3,,,MD,CABEZA,
1766,032 010006501766,2025-05-02,12:42:28,,Nueva etiqu.:1766,,,,Yes,3,,,MD,cuerpo,
1767,032 010006501767,2025-05-02,12:43:07,,Nueva etiqu.:1767,,,,Yes,3,,,MD,cuerpo,
1771,032 010006501771,2025-05-02,12:49:43,,Nueva etiqu.:1771,,,,Yes,4,,,bll,CABEZA,
1773,032 010006501773,2025-05-02,12:50:56,,Nueva etiqu.:1773,,,,Yes,4,,,bll,CABEZA,
1775,032 010006501775,2025-05-02,12:54:30,,Nueva etiqu.:1775,,,,Yes,4,,,bll,CABEZA,
1776,032 010006501776,2025-05-02,12:55:51,,Nueva etiqu.:1776,,,,Yes,4,,,MD,CABEZA,
1778,032 010006501778,2025-05-02,12:57:08,,Nueva etiqu.:1778,,,,Yes,4,,,1/4D,CABEZA,
1779,032 010006501779,2025-05-02,12:57:55,,Nueva etiqu.:1779,,,,Yes,4,,,bll,CABEZA,
1780,032 010006501780,2025-05-02,12:58:33,,Nueva etiqu.:1780,,,,Yes,4,,,MD,CABEZA,
1781,032 010006501781,2025-05-02,13:01:28,,Nueva etiqu.:1781,,,,Yes,4,,,bll,CABEZA,
1782,032 010006501782,2025-05-02,13:02:03,,Nueva etiqu.:1782,,,,Yes,4,,,1/4D,CABEZA,
1784,032 010006501784,2025-05-02,13:04:36,,Nueva etiqu.:1784,,,,Yes,4,,,MD,cuerpo,
1786,032 010006501786,2025-05-02,13:11:31,,Nueva etiqu.:1786,,,,Yes,4,,,bll,CABEZA,
1788,032 010006501788,2025-05-02,13:12:59,,Nueva etiqu.:1788,,,,Yes,4,,,MD,CABEZA,
1789,032 010006501789,2025-05-02,13:14:00,,Nueva etiqu.:1789,,,,Yes,4,,,1/4D,cuerpo,
1792,032 010006501792,2025-05-02,13:17:36,,Nueva etiqu.:1792,,,,Yes,4,,,bll,cuerpo,
1793,032 010006501793,2025-05-02,13:18:51,,Nueva etiqu.:1793,,,,Yes,4,,,MD,CABEZA,
1794,032 010006501794,2025-05-02,13:19:28,,Nueva etiqu.:1794,,,,Yes,4,,,MD,CABEZA,
1795,032 010006501795,2025-05-02,13:20:19,,Nueva etiqu.:1795,,,,Yes,4,,,MD,CABEZA,
1796,032 010006501796,2025-05-02,13:20:53,,Nueva etiqu.:1796,,,,Yes,4,,,1/4D,cuerpo,
1797,032 010006501797,2025-05-02,13:21:39,,Nueva etiqu.:1797,,,,Yes,4,,,MD,CABEZA,
1800,032 010006501800,2025-05-02,13:25:24,,Nueva etiqu.:1800,,,,Yes,4,,,MD,CABEZA,
1801,032 010006501801,2025-05-02,13:25:57,,Nueva etiqu.:1801,,,,Yes,4,,,MD,CABEZA,
1802,032 010006501802,2025-05-02,13:26:46,,Nueva etiqu.:1802,,,,Yes,4,,,1/4D,CABEZA,
1803,032 010006501803,2025-05-02,13:27:21,,Nueva etiqu.:1803,,,,Yes,4,,,MD,CABEZA,
1804,032 010006501804,2025-05-02,13:30:02,,Nueva etiqu.:1804,,,,Yes,4,,,1/4D,CABEZA,
1806,032 010006501806,2025-05-02,13:31:52,,Nueva etiqu.:1806,,,,Yes,4,,,6d,CABEZA,
1807,032 010006501807,2025-05-02,13:32:34,,Nueva etiqu.:1807,,,,Yes,4,,,1/4D,CABEZA,
1808,032 010006501808,2025-05-02,13:33:20,,Nueva etiqu.:1808,,,,Yes,4,,,MD,CABEZA,
1810,032 010006501810,2025-05-02,13:37:33,,Nueva etiqu.:1810,,,,Yes,5,,,1/4D,CABEZA,
1811,032 010006501811,2025-05-02,13:38:16,,Nueva etiqu.:1811,,,,Yes,4,,,bll,CABEZA,
1812,032 010006501812,2025-05-02,13:38:54,,Nueva etiqu.:1812,,,,Yes,4,,,bll,cuerpo,
1813,032 010006501813,2025-05-02,13:39:46,,Nueva etiqu.:1813,,,,Yes,4,,,MD,CABEZA,
1815,032 010006501815,2025-05-02,13:41:22,,Nueva etiqu.:1815,,,,No,4,,,MD,CABEZA,
1817,032 010006501817,2025-05-02,13:46:13,,Nueva etiqu.:1817,,,,Yes,4,,,bll,CABEZA,
1819,032 010006501819,2025-05-02,13:48:15,,Nueva etiqu.:1819,,,,Yes,4,,,MD,CABEZA,
1545,032 010006501545,2025-05-02,07:36:41,,Nueva etiqu.:1545,,,,Yes,4,,,bll,VACIA,
1548,032 010006501548,2025-05-02,07:39:06,,Nueva etiqu.:1548,,,,Yes,3,,,bll,VACIA,
1562,032 010006501562,2025-05-02,07:55:23,,Nueva etiqu.:1562,,,,Yes,3,,,4d,VACIA,
1570,032 010006501570,2025-05-02,08:07:43,,Nueva etiqu.:1570,,,,Yes,3,,,bll,VACIA,
1574,032 010006501574,2025-05-02,08:12:26,,Nueva etiqu.:1574,,,,Yes,4,,,bll,VACIA,
1576,032 010006501576,2025-05-02,08:15:20,,Nueva etiqu.:1576,,,,Yes,4,,,MD,VACIA,
1580,032 010006501580,2025-05-02,08:21:53,,Nueva etiqu.:1580,,,,Yes,3,,,bll,VACIA,
1586,032 010006501586,2025-05-02,08:28:33,,Nueva etiqu.:1586,,,,Yes,4,,,6d,VACIA,
1590,032 010006501590,2025-05-02,08:33:51,,Nueva etiqu.:1590,,,,Yes,4,,,4d,VACIA,
1597,032 010006501597,2025-05-02,08:44:04,,Nueva etiqu.:1597,,,,Yes,3,,,MD,VACIA,
1605,032 010006501605,2025-05-02,08:54:19,,Nueva etiqu.:1605,,,,Yes,3,,,bll,VACIA,
1611,032 010006501611,2025-05-02,09:02:17,,Nueva etiqu.:1611,,,,Yes,4,,,bll,VACIA,
1620,032 010006501620,2025-05-02,09:12:05,,Nueva etiqu.:1620,,,,Yes,3,,,bll,VACIA,
1622,032 010006501622,2025-05-02,09:15:50,,Nueva etiqu.:1622,,,,Yes,3,,,bll,VACIA,
1638,032 010006501638,2025-05-02,09:41:35,,Nueva etiqu.:1638,,,,Yes,4,,,6d,VACIA,
1646,032 010006501646,2025-05-02,09:51:50,,Nueva etiqu.:1646,,,,Yes,4,,,MD,VACIA,
1693,032 010006501693,2025-05-02,11:07:56,,Nueva etiqu.:1693,,,,No,3,,,bll,VACIA,
1699,032 010006501699,2025-05-02,11:15:19,,Nueva etiqu.:1699,,,,Yes,3,,,6d,VACIA,
1716,032 010006501716,2025-05-02,11:36:27,,Nueva etiqu.:1716,,,,Yes,3,,,bll,VACIA,
1720,032 010006501720,2025-05-02,11:40:45,,Nueva etiqu.:1720,,,,Yes,3,,,6d,VACIA,
1734,032 010006501734,2025-05-02,11:55:48,,Nueva etiqu.:1734,,,,Yes,4,,,6d,VACIA,
1742,032 010006501742,2025-05-02,12:09:08,,Nueva etiqu.:1742,,,,Yes,3,,,bll,VACIA,
1751,032 010006501751,2025-05-02,12:21:27,,Nueva etiqu.:1751,,,,Yes,4,,,bll,VACIA,
1761,032 010006501761,2025-05-02,12:35:30,,Nueva etiqu.:1761,,,,No,3,,,6d,VACIA,
1769,032 010006501769,2025-05-02,12:47:46,,Nueva etiqu.:1769,,,,Yes,3,,,bll,VACIA,
1777,032 010006501777,2025-05-02,12:56:24,,Nueva etiqu.:1777,,,,Yes,4,,,bll,VACIA,
1783,032 010006501783,2025-05-02,13:03:14,,Nueva etiqu.:1783,,,,Yes,3,,,MD,VACIA,
1542,032 010006501542,2025-05-02,07:33:00,,Nueva etiqu.:1542,,,,Yes,3,,,CUT,CABEZA,
1553,032 010006501553,2025-05-02,07:44:49,,Nueva etiqu.:1553,,,,Yes,3,,,CUT,CABEZA,
1564,032 010006501564,2025-05-02,07:57:21,,Nueva etiqu.:1564,,,,Yes,4,,,CUT,CABEZA,
1569,032 010006501569,2025-05-02,08:07:09,,Nueva etiqu.:1569,,,,Yes,3,,,CUT,cuerpo,
1573,032 010006501573,2025-05-02,08:11:37,,Nueva etiqu.:1573,,,,Yes,3,,,CUT,CABEZA,
1584,032 010006501584,2025-05-02,08:26:57,,Nueva etiqu.:1584,,,,Yes,3,,,CUT,CABEZA,
1606,032 010006501606,2025-05-02,08:54:59,,Nueva etiqu.:1606,,,,Yes,4,,,CUT,cuerpo,
1628,032 010006501628,2025-05-02,09:26:54,,Nueva etiqu.:1628,,,,Yes,4,,,CUT,CABEZA,
1647,032 010006501647,2025-05-02,09:52:41,,Nueva etiqu.:1647,,,,Yes,4,,,CUT,CABEZA,
1657,032 010006501657,2025-05-02,10:08:24,,Nueva etiqu.:1657,,,,Yes,3,,,CUT,cuerpo,
1658,032 010006501658,2025-05-02,10:09:12,,Nueva etiqu.:1658,,,,Yes,3,,,CUT,CABEZA,
1662,032 010006501662,2025-05-02,10:17:15,,Nueva etiqu.:1662,,,,Yes,4,,,CUT,CABEZA,
1664,032 010006501664,2025-05-02,10:19:41,,Nueva etiqu.:1664,,,,No,4,,,CUT,CABEZA,
1692,032 010006501692,2025-05-02,11:06:54,,Nueva etiqu.:1692,,,,Yes,4,,,CUT,CABEZA,
1694,032 010006501694,2025-05-02,11:08:41,,Nueva etiqu.:1694,,,,Yes,3,,,CUT,cuerpo,
1696,032 010006501696,2025-05-02,11:12:50,,Nueva etiqu.:1696,,,,Yes,4,,,CUT,CABEZA,
1705,032 010006501705,2025-05-02,11:21:01,,Nueva etiqu.:1705,,,,Yes,4,,,CUT,CABEZA,
1727,032 010006501727,2025-05-02,11:49:13,,Nueva etiqu.:1727,,,,Yes,4,,,CUT,cuerpo,
1739,032 010006501739,2025-05-02,12:04:43,,Nueva etiqu.:1739,,,,Yes,4,,,CUT,CABEZA,
1746,032 010006501746,2025-05-02,12:12:41,,Nueva etiqu.:1746,,,,Yes,4,,,CUT,cuerpo,
1753,032 010006501753,2025-05-02,12:24:17,,Nueva etiqu.:1753,,,,Yes,4,,,CUT,CABEZA,
1756,032 010006501756,2025-05-02,12:31:25,,Nueva etiqu.:1756,,,,Yes,4,,,CUT,cuerpo,
1763,032 010006501763,2025-05-02,12:39:20,,Nueva etiqu.:1763,,,,Yes,3,,,CUT,cuerpo,
1768,032 010006501768,2025-05-02,12:43:47,,Nueva etiqu.:1768,,,,Yes,3,,,CUT,cuerpo,
1772,032 010006501772,2025-05-02,12:50:10,,Nueva etiqu.:1772,,,,Yes,4,,,CUT,CABEZA,
1774,032 010006501774,2025-05-02,12:52:21,,Nueva etiqu.:1774,,,,Yes,4,,,CUT,cuerpo,
1787,032 010006501787,2025-05-02,13:12:18,,Nueva etiqu.:1787,,,,Yes,3,,,CUT,cuerpo,
1790,032 010006501790,2025-05-02,13:14:32,,Nueva etiqu.:1790,,,,Yes,4,,,CUT,CABEZA,
1791,032 010006501791,2025-05-02,13:15:27,,Nueva etiqu.:1791,,,,Yes,4,,,CUT,cuerpo,
1798,032 010006501798,2025-05-02,13:23:11,,Nueva etiqu.:1798,,,,Yes,4,,,CUT,CABEZA,
1805,032 010006501805,2025-05-02,13:30:26,,Nueva etiqu.:1805,,,,Yes,4,,,CUT,CABEZA,
1814,032 010006501814,2025-05-02,13:40:18,,Nueva etiqu.:1814,,,,Yes,4,,,CUT,cuerpo,
1818,032 010006501818,2025-05-02,13:47:01,,Nueva etiqu.:1818,,,,Yes,4,,,CUT,cuerpo,

 ,Total Head,278
 ,Total Weight,--.--
 ,Average Weight,--.--
 ,Minimum Weight,--.--
 ,Maximum Weight,--.--
 ,ADG,--.--
