VID,EID,Date,Time,Draft,Notes,Live Weight (kg),Average Daily Gain (kg/d),Overall Daily Gain (kg/d),APLOMO,Condition,edad,OJO,Status,TONO
1857,032 010006501857,2025-05-10,11:38:51,,Nueva etiqu.:1857,,,,No,,MD,Yes,,Yes
1862,032 010006501862,2025-05-10,11:50:50,,Nueva etiqu.:1862,,,,Yes,,bll,Yes,,Yes
1858,032 010006501858,2025-05-10,11:41:12,,Nueva etiqu.:1858,,,,Yes,,bll,Yes,,Yes
1859,032 010006501859,2025-05-10,11:42:49,,Nueva etiqu.:1859,,,,Yes,,2d,Yes,,Yes
1860,032 010006501860,2025-05-10,11:44:20,,Nueva etiqu.:1860,,,,Yes,,MD,Yes,,Yes
1861,032 010006501861,2025-05-10,11:46:27,,Nueva etiqu.:1861,,,,Yes,,bll,Yes,,Yes

 ,Total Head,6
 ,Total Weight,--.--
 ,Average Weight,--.--
 ,Minimum Weight,--.--
 ,Maximum Weight,--.--
 ,ADG,--.--
